,Date,Open,High,Low,Close,Adj Close,Volume,Daily_return,Trend,Trend_duration
0,2019-12-02,13554.290039,13554.290039,13443.099609,13448.259766,13448.259766,3285750000,,DOWN,1
1,2019-12-03,13363.660156,13373.879883,13280.040039,13366.089844,13366.089844,3671580000,-0.0061100784361514116,DOWN,2
2,2019-12-04,13408.080078,13484.410156,13408.080078,13457.969727,13457.969727,3702980000,0.006874103352016991,UP,1
3,2019-12-05,13466.730469,13491.209961,13429.299805,13482.299805,13482.299805,3360480000,0.00180785649645121,UP,2
4,2019-12-06,13515.480469,13612.05957,13515.480469,13588.290039,13588.290039,3483310000,0.007861435773790726,UP,3
5,2019-12-09,13570.540039,13600.139648,13555.070313,13555.070313,13555.070313,3400470000,-0.0024447318908159543,DOWN,1
6,2019-12-10,13551.0,13574.219727,13521.240234,13545.30957,13545.30957,3346310000,-0.0007200805878992966,DOWN,2
7,2019-12-11,13554.089844,13590.740234,13547.679688,13579.919922,13579.919922,3257650000,0.002555154005239979,UP,1
8,2019-12-12,13587.700195,13725.349609,13581.080078,13697.410156,13697.410156,4003200000,0.008651761915743128,UP,2
9,2019-12-13,13711.25,13773.129883,13655.450195,13697.339844,13697.339844,3757650000,-5.133233158649553e-06,DOWN,1
10,2019-12-16,13781.650391,13825.759766,13781.650391,13795.150391,13795.150391,4070200000,0.0071408425368699735,UP,1
11,2019-12-17,13795.150391,13813.30957,13787.719727,13795.349609,13795.349609,3842940000,1.4441161883427256e-05,UP,2
12,2019-12-18,13805.200195,13819.700195,13790.240234,13799.209961,13799.209961,4029950000,0.0002798299506292512,UP,3
13,2019-12-19,13801.730469,13838.990234,13798.780273,13831.669922,13831.669922,3784360000,0.0023523057545857817,UP,4
14,2019-12-20,13831.669922,13914.280273,13831.669922,13889.25,13889.25,6457480000,0.004162915853596072,UP,5
15,2019-12-23,13906.870117,13908.160156,13888.589844,13899.990234,13899.990234,3064530000,0.0007732767428048071,UP,6
16,2019-12-24,13902.959961,13902.959961,13885.55957,13895.139648,13895.139648,1296530000,-0.00034896326676081557,DOWN,1
17,2019-12-26,13911.160156,13941.55957,13895.200195,13940.419922,13940.419922,2164540000,0.0032587131289836258,UP,1
18,2019-12-27,13976.849609,13978.610352,13928.150391,13944.139648,13944.139648,2429150000,0.00026683026916085595,UP,2
19,2019-12-30,13951.259766,13952.780273,13864.570313,13876.150391,13876.150391,3021720000,-0.004875830185030683,DOWN,1
20,2019-12-31,13852.599609,13915.740234,13843.980469,13913.030273,13913.030273,2894760000,0.0026577891533894338,UP,1
21,2020-01-02,13913.030273,14003.389648,13913.030273,14002.490234,14002.490234,3459930000,0.006429940799712597,UP,2
22,2020-01-03,13877.480469,13950.740234,13870.740234,13917.049805,13917.049805,3484700000,-0.006101802434579695,DOWN,1
23,2020-01-06,13856.719727,13943.299805,13852.730469,13941.799805,13941.799805,3702460000,0.0017783941529840863,UP,1
24,2020-01-07,13911.19043,13923.509766,13880.530273,13898.450195,13898.450195,3435910000,-0.0031093266727624247,DOWN,1
25,2020-01-08,13897.009766,13986.69043,13896.589844,13934.44043,13934.44043,3726840000,0.002589514262025361,UP,1
26,2020-01-09,13974.070313,14004.419922,13960.169922,13997.650391,13997.650391,3641230000,0.004536239637144668,UP,2
27,2020-01-10,14018.120117,14021.650391,13941.519531,13957.969727,13957.969727,3214580000,-0.002834808906608588,DOWN,1
28,2020-01-13,13980.469727,14042.650391,13963.870117,14042.650391,14042.650391,3459390000,0.006066832473220929,UP,1
29,2020-01-14,14024.230469,14068.580078,14005.629883,14037.129883,14037.129883,3687620000,-0.00039312436372673787,DOWN,1
30,2020-01-15,14022.299805,14089.94043,14021.179688,14053.230469,14053.230469,3721490000,0.0011469998592446018,UP,1
31,2020-01-16,14103.530273,14142.30957,14094.879883,14141.780273,14141.780273,3540580000,0.006301028378872253,UP,2
32,2020-01-17,14168.139648,14183.259766,14156.400391,14183.200195,14183.200195,3726220000,0.0029289043670888137,UP,3
33,2020-01-21,14126.120117,14153.019531,14102.389648,14109.980469,14109.980469,4104840000,-0.005162426320810987,DOWN,1
34,2020-01-22,14147.889648,14168.200195,14104.05957,14110.240234,14110.240234,3623780000,1.841001839597567e-05,UP,1
35,2020-01-23,14064.280273,14109.589844,14003.280273,14102.040039,14102.040039,3766710000,-0.0005811520473083531,DOWN,1
36,2020-01-24,14120.019531,14120.019531,13920.570313,13978.469727,13978.469727,3708780000,-0.008762584112529725,DOWN,2
37,2020-01-27,13746.629883,13826.429688,13742.009766,13769.599609,13769.599609,3831050000,-0.014942273516288962,DOWN,3
38,2020-01-28,13812.650391,13913.589844,13798.339844,13877.610352,13877.610352,3531570000,0.007844145513817402,UP,1
39,2020-01-29,13912.790039,13922.44043,13843.790039,13843.80957,13843.80957,3600250000,-0.0024356341720697117,DOWN,1
40,2020-01-30,13745.200195,13869.639648,13699.80957,13861.919922,13861.919922,3790350000,0.0013081913550188062,UP,1
41,2020-01-31,13783.80957,13788.219727,13573.040039,13614.099609,13614.099609,4529700000,-0.0178777769886469,DOWN,1
42,2020-02-03,13655.889648,13765.330078,13655.889648,13677.919922,13677.919922,3760460000,0.004687810052293795,UP,1
43,2020-02-04,13826.099609,13920.629883,13826.099609,13862.839844,13862.839844,3996900000,0.013519593845740419,UP,2
44,2020-02-05,13964.0,14029.910156,13947.589844,14024.860352,14024.860352,4121480000,0.011687396653444315,UP,3
45,2020-02-06,14066.900391,14069.330078,14023.480469,14034.950195,14034.950195,3887250000,0.0007194255590974308,UP,4
46,2020-02-07,13987.509766,13987.509766,13912.040039,13931.929688,13931.929688,3733920000,-0.007340283048293261,DOWN,1
47,2020-02-10,13904.019531,13984.549805,13899.530273,13984.480469,13984.480469,3462730000,0.0037719671414409017,UP,1
48,2020-02-11,13984.480469,14100.269531,13984.480469,14054.080078,14054.080078,3762940000,0.004976917744944798,UP,2
49,2020-02-12,14117.830078,14148.240234,14108.519531,14136.980469,14136.980469,3930910000,0.005898670744716394,UP,3
50,2020-02-13,14069.25,14132.879883,14049.129883,14099.040039,14099.040039,3500890000,-0.002683771833963955,DOWN,1
51,2020-02-14,14104.769531,14110.19043,14046.599609,14097.339844,14097.339844,3419700000,-0.00012058941568338089,DOWN,2
52,2020-02-18,14047.910156,14072.69043,13990.700195,14039.009766,14039.009766,3750400000,-0.0041376655912021,DOWN,3
53,2020-02-19,14077.509766,14115.950195,14066.240234,14087.129883,14087.129883,3614200000,0.003427600507589945,UP,1
54,2020-02-20,14061.040039,14104.919922,13955.75,14061.480469,14061.480469,4019180000,-0.0018207693272532799,DOWN,1
55,2020-02-21,14014.629883,14014.629883,13931.129883,13975.780273,13975.780273,3908780000,-0.006094678024048394,DOWN,2
56,2020-02-24,13654.0,13654.0,13493.679688,13534.120117,13534.120117,4851160000,-0.03160182454021898,DOWN,3
57,2020-02-25,13570.209961,13582.740234,13110.089844,13143.730469,13143.730469,5596760000,-0.02884484876927007,DOWN,4
58,2020-02-26,13194.30957,13323.339844,13041.94043,13046.620117,13046.620117,5484650000,-0.00738834018462553,DOWN,5
59,2020-02-27,12841.400391,12977.179688,12544.990234,12547.25,12547.25,7064710000,-0.038275822590198016,DOWN,6
60,2020-02-28,12547.25,12547.25,12024.450195,12380.969727,12380.969727,8569570000,-0.013252328040008754,DOWN,7
61,2020-03-02,12441.429688,12830.129883,12316.179688,12827.990234,12827.990234,6381330000,0.03610545190375136,UP,1
62,2020-03-03,12845.05957,13015.660156,12432.519531,12542.740234,12542.740234,6376510000,-0.02223653080464294,DOWN,1
63,2020-03-04,12696.610352,13011.450195,12673.900391,13009.959961,13009.959961,5073020000,0.03725021153938046,UP,1
64,2020-03-05,12740.860352,12786.639648,12489.769531,12593.030273,12593.030273,5579290000,-0.03204696165475007,DOWN,1
65,2020-03-06,12593.030273,12593.030273,12106.740234,12352.030273,12352.030273,6555240000,-0.019137570130099202,DOWN,2
66,2020-03-09,11748.610352,11748.610352,11240.769531,11298.429688,11298.429688,8441290000,-0.08529776576916592,DOWN,3
67,2020-03-10,11635.219727,11794.009766,11246.519531,11793.269531,11793.269531,7642040000,0.043797222858816154,UP,1
68,2020-03-11,11523.94043,11523.94043,11053.790039,11177.290039,11177.290039,7431200000,-0.05223144356879372,DOWN,1
69,2020-03-12,10466.700195,10646.919922,10054.469727,10060.759766,10060.759766,8850810000,-0.09989275299327327,DOWN,2
70,2020-03-13,10445.44043,10851.75,10060.349609,10851.740234,10851.740234,8299070000,0.07862035138470302,UP,1
71,2020-03-16,10851.980469,10851.980469,9559.230469,9567.530273,9567.530273,7805450000,-0.11834138426723428,DOWN,1
72,2020-03-17,9726.179688,10154.160156,9484.650391,10063.360352,10063.360352,8370250000,0.05182424981703515,UP,1
73,2020-03-18,9562.490234,9666.570313,8953.599609,9384.599609,9384.599609,8799300000,-0.06744871685580667,DOWN,1
74,2020-03-19,9313.759766,9622.209961,9048.360352,9461.30957,9461.30957,7956100000,0.008174025978309407,UP,1
75,2020-03-20,9577.900391,9676.94043,9108.150391,9133.160156,9133.160156,9053950000,-0.0346832974412441,DOWN,1
76,2020-03-23,9014.580078,9053.490234,8664.94043,8777.379883,8777.379883,7411380000,-0.038954783111546765,DOWN,2
77,2020-03-24,9276.639648,9672.009766,9276.639648,9658.320313,9658.320313,7563150000,0.10036485166902742,UP,1
78,2020-03-25,9749.799805,10303.900391,9591.740234,9961.379883,9961.379883,8300010000,0.03137808233509132,UP,2
79,2020-03-26,10060.480469,10556.900391,10060.480469,10536.280273,10536.280273,7766990000,0.05771292699931263,UP,3
80,2020-03-27,10135.730469,10449.219727,10064.5,10187.209961,10187.209961,6201670000,-0.033130317622104166,DOWN,1
81,2020-03-30,10238.129883,10455.769531,10131.599609,10434.740234,10434.740234,5751120000,0.024298141880615853,UP,1
82,2020-03-31,10387.730469,10499.799805,10237.219727,10301.870117,10301.870117,6576210000,-0.012733437921824242,DOWN,1
83,2020-04-01,9917.30957,10029.0,9766.799805,9844.849609,9844.849609,5964000000,-0.04436286837336756,DOWN,2
84,2020-04-02,9815.269531,10142.009766,9813.509766,10062.370117,10062.370117,6464190000,0.022094853313060936,UP,1
85,2020-04-03,10012.469727,10075.910156,9774.240234,9880.629883,9880.629883,6096970000,-0.01806137439657063,DOWN,1
86,2020-04-06,10264.129883,10560.730469,10233.040039,10515.240234,10515.240234,6403840000,0.06422772217101991,UP,1
87,2020-04-07,10894.200195,10912.55957,10534.740234,10537.040039,10537.040039,7050410000,0.002073162810823037,UP,2
88,2020-04-08,10641.509766,10939.969727,10538.650391,10902.589844,10902.589844,5875710000,0.034691887251734554,UP,3
89,2020-04-09,11070.320313,11272.480469,11019.820313,11136.610352,11136.610352,7899550000,0.021464671362354082,UP,4
90,2020-04-13,11136.610352,11136.610352,10817.150391,10949.530273,10949.530273,5319530000,-0.01679865534367031,DOWN,1
91,2020-04-14,11151.160156,11241.230469,11064.629883,11172.200195,11172.200195,5615730000,0.020336025057537954,UP,1
92,2020-04-15,10861.969727,10903.05957,10760.959961,10843.919922,10843.919922,5208000000,-0.02938367262223951,DOWN,1
93,2020-04-16,10882.830078,10891.679688,10718.129883,10818.030273,10818.030273,5228810000,-0.00238748065148231,DOWN,2
94,2020-04-17,11101.320313,11231.269531,11030.419922,11208.290039,11208.290039,5804810000,0.0360749375026268,UP,1
95,2020-04-20,11016.879883,11181.80957,10985.05957,11003.879883,11003.879883,5228630000,-0.018237407783769033,DOWN,1
96,2020-04-21,10763.669922,10861.790039,10667.290039,10706.44043,10706.44043,5121010000,-0.027030416195247264,DOWN,2
97,2020-04-22,10919.969727,10955.5,10844.759766,10908.55957,10908.55957,5084920000,0.018878276241434122,UP,1
98,2020-04-23,10961.240234,11099.0,10905.839844,10916.679688,10916.679688,5773530000,0.000744380405854228,UP,2
99,2020-04-24,11000.700195,11050.009766,10868.929688,11017.900391,11017.900391,5382810000,0.009272114405927345,UP,3
100,2020-04-27,11106.030273,11301.30957,11086.959961,11264.839844,11264.839844,5203930000,0.022412569022834283,UP,4
101,2020-04-28,11462.379883,11481.299805,11272.780273,11319.700195,11319.700195,5691160000,0.004870051572834377,UP,5
102,2020-04-29,11546.400391,11675.299805,11513.080078,11618.230469,11618.230469,6645640000,0.02637263079916763,UP,6
103,2020-04-30,11473.230469,11492.910156,11326.200195,11372.339844,11372.339844,6544980000,-0.021164206172023414,DOWN,1
104,2020-05-01,11158.870117,11187.769531,11011.459961,11058.570313,11058.570313,4759810000,-0.027590586924426397,DOWN,2
105,2020-05-04,10965.769531,11061.959961,10900.389648,11056.280273,11056.280273,4735930000,-0.0002070828267292102,DOWN,3
106,2020-05-05,11188.969727,11259.200195,11124.69043,11135.400391,11135.400391,5140290000,0.007156124487293747,UP,1
107,2020-05-06,11196.870117,11204.530273,10999.990234,10999.990234,10999.990234,4892570000,-0.01216033121803517,DOWN,1
108,2020-05-07,11140.929688,11228.25,11109.55957,11121.669922,11121.669922,5178790000,0.01106179963904852,UP,1
109,2020-05-08,11281.299805,11360.110352,11237.509766,11354.339844,11354.339844,4876030000,0.02092041245890175,UP,2
110,2020-05-11,11244.25,11345.429688,11205.400391,11281.370117,11281.370117,4819730000,-0.006426593531860814,DOWN,1
111,2020-05-12,11332.419922,11343.389648,11055.580078,11055.580078,11055.580078,5119630000,-0.020014416392540313,DOWN,2
112,2020-05-13,11035.230469,11038.379883,10747.80957,10829.44043,10829.44043,6151650000,-0.020454797161661875,DOWN,3
113,2020-05-14,10661.929688,10927.849609,10551.549805,10927.410156,10927.410156,5651130000,0.009046610176514758,UP,1
114,2020-05-15,10927.410156,10968.169922,10817.120117,10947.320313,10947.320313,5507700000,0.0018220380415636672,UP,2
115,2020-05-18,11282.889648,11454.349609,11282.889648,11402.230469,11402.230469,6373670000,0.0415544757066979,UP,3
116,2020-05-19,11374.230469,11409.660156,11248.540039,11248.969727,11248.969727,4984330000,-0.013441294877934662,DOWN,1
117,2020-05-20,11408.610352,11477.330078,11384.360352,11420.040039,11420.040039,5005380000,0.015207642668767507,UP,1
118,2020-05-21,11393.919922,11447.259766,11287.429688,11351.599609,11351.599609,4976620000,-0.005993011387549596,DOWN,1
119,2020-05-22,11325.080078,11333.650391,11247.290039,11331.969727,11331.969727,3970860000,-0.0017292613090791331,DOWN,2
120,2020-05-26,11636.540039,11676.959961,11590.30957,11603.0,11603.0,5848500000,0.023917313541196084,UP,1
121,2020-05-27,11787.55957,11837.549805,11602.429688,11837.530273,11837.530273,6398000000,0.020212899508747828,UP,2
122,2020-05-28,11935.879883,11939.740234,11783.219727,11804.910156,11804.910156,5447020000,-0.0027556522558090935,DOWN,1
123,2020-05-29,11750.969727,11817.389648,11645.709961,11802.950195,11802.950195,7297550000,-0.00016602930256137682,DOWN,2
124,2020-06-01,11799.919922,11928.799805,11781.879883,11900.240234,11900.240234,4684170000,0.008242857708678164,UP,1
125,2020-06-02,11900.240234,12046.410156,11900.240234,12046.410156,12046.410156,5197150000,0.012282938758024331,UP,2
126,2020-06-03,12175.05957,12329.290039,12175.05957,12302.19043,12302.19043,6005560000,0.021232904299925748,UP,3
127,2020-06-04,12236.740234,12328.509766,12202.360352,12286.980469,12286.980469,6451290000,-0.0012363620191497837,DOWN,1
128,2020-06-05,12640.980469,12752.139648,12600.700195,12641.44043,12641.44043,8639300000,0.02884841901509505,UP,1
129,2020-06-08,12734.540039,12836.679688,12688.549805,12836.599609,12836.599609,8498300000,0.01543804917490732,UP,2
130,2020-06-09,12635.599609,12682.740234,12578.540039,12619.519531,12619.519531,6410930000,-0.01691102664352029,DOWN,1
131,2020-06-10,12616.629883,12628.910156,12431.55957,12449.219727,12449.219727,6598870000,-0.01349495149808655,DOWN,2
132,2020-06-11,12090.129883,12099.179688,11636.009766,11659.169922,11659.169922,7037320000,-0.0634617929737823,DOWN,3
133,2020-06-12,11999.480469,12030.94043,11640.589844,11867.169922,11867.169922,5845330000,0.01784003504464926,UP,1
134,2020-06-15,11565.820313,11997.650391,11525.360352,11942.910156,11942.910156,5757480000,0.006382333319386424,UP,2
135,2020-06-16,12304.139648,12318.75,11992.980469,12161.469727,12161.469727,5845810000,0.01830036131438173,UP,3
136,2020-06-17,12193.410156,12202.580078,12068.209961,12086.490234,12086.490234,4560450000,-0.006165331549815467,DOWN,1
137,2020-06-18,11994.459961,12110.200195,11984.709961,12072.589844,12072.589844,4448690000,-0.0011500766335704737,DOWN,2
138,2020-06-19,12240.30957,12240.30957,11946.959961,11980.120117,11980.120117,8346650000,-0.007659477228571299,DOWN,3
139,2020-06-22,11963.299805,12045.650391,11907.219727,12028.910156,12028.910156,4686690000,0.00407258345688577,UP,1
140,2020-06-23,12157.370117,12176.429688,12068.089844,12077.740234,12077.740234,4711850000,0.0040593933587278475,UP,2
141,2020-06-24,11956.290039,11961.620117,11650.910156,11726.540039,11726.540039,5597680000,-0.02907830340739892,DOWN,1
142,2020-06-25,11680.389648,11866.200195,11640.019531,11865.110352,11865.110352,4847690000,0.011816811483962297,UP,1
143,2020-06-26,11796.400391,11814.009766,11578.80957,11604.429688,11604.429688,8107850000,-0.02197035309967077,DOWN,1
144,2020-06-29,11683.070313,11777.639648,11605.469727,11777.080078,11777.080078,4473970000,0.014877972863977629,UP,1
145,2020-06-30,11736.75,11934.959961,11724.570313,11893.780273,11893.780273,4705850000,0.009909094124102902,UP,2
146,2020-07-01,11907.830078,11982.230469,11858.820313,11901.549805,11901.549805,4449230000,0.0006532432768779906,UP,3
147,2020-07-02,12088.700195,12138.830078,11970.799805,11991.519531,11991.519531,4197720000,0.007559496660023424,UP,4
148,2020-07-06,12181.290039,12218.19043,12114.320313,12160.009766,12160.009766,4759160000,0.014050782685582464,UP,5
149,2020-07-07,12056.209961,12107.950195,11979.769531,11990.139648,11990.139648,4571330000,-0.013969570853056723,DOWN,1
150,2020-07-08,12023.570313,12095.179688,11971.889648,12086.389648,12086.389648,4937310000,0.00802742943999446,UP,1
151,2020-07-09,12089.240234,12103.160156,11831.040039,11928.629883,11928.629883,4843650000,-0.01305267905425389,DOWN,1
152,2020-07-10,11935.299805,12079.110352,11906.209961,12075.580078,12075.580078,4524190000,0.012319117655702039,UP,1
153,2020-07-13,12159.75,12242.679688,12000.980469,12014.669922,12014.669922,4902440000,-0.005044077022102744,DOWN,1
154,2020-07-14,11989.410156,12215.150391,11963.5,12014.669922,12014.669922,4507140000,0.0,DOWN,2
155,2020-07-15,12377.650391,12419.799805,12309.259766,12391.320313,12391.320313,4686830000,0.031349208379858995,UP,1
156,2020-07-16,12310.179688,12381.379883,12295.69043,12350.110352,12350.110352,3972860000,-0.0033257118659717477,DOWN,1
157,2020-07-17,12395.759766,12427.490234,12339.870117,12402.740234,12402.740234,4012850000,0.004261490828822989,UP,1
158,2020-07-20,12413.150391,12432.769531,12352.719727,12392.980469,12392.980469,3979340000,-0.000786903927347149,DOWN,1
159,2020-07-21,12492.080078,12570.709961,12481.969727,12508.679688,12508.679688,4556610000,0.00933586712973633,UP,1
160,2020-07-22,12508.679688,12578.980469,12480.730469,12569.070313,12569.070313,4267160000,0.004827897628391087,UP,2
161,2020-07-23,12567.169922,12617.179688,12459.05957,12510.870117,12510.870117,4296760000,-0.004630429661914182,DOWN,1
162,2020-07-24,12488.679688,12522.19043,12427.660156,12461.780273,12461.780273,3689410000,-0.003923775368213311,DOWN,2
163,2020-07-27,12481.009766,12556.55957,12444.509766,12553.129883,12553.129883,3970310000,0.0073303820159564825,UP,1
164,2020-07-28,12515.839844,12563.450195,12482.269531,12491.219727,12491.219727,4053180000,-0.0049318501901139955,DOWN,1
165,2020-07-29,12533.459961,12688.69043,12533.459961,12669.620117,12669.620117,4478200000,0.0142820632331353,UP,1
166,2020-07-30,12491.459961,12544.799805,12393.799805,12533.280273,12533.280273,4264920000,-0.010761162745287045,DOWN,1
167,2020-07-31,12509.330078,12509.330078,12320.730469,12465.049805,12465.049805,5007530000,-0.005443943366285842,DOWN,2
168,2020-08-03,12513.209961,12562.269531,12470.469727,12536.80957,12536.80957,4438940000,0.005756877519351278,UP,1
169,2020-08-04,12548.929688,12612.469727,12532.610352,12612.110352,12612.110352,4414380000,0.006006375192951108,UP,2
170,2020-08-05,12612.089844,12751.360352,12612.089844,12731.549805,12731.549805,4535060000,0.009470219468945551,UP,3
171,2020-08-06,12702.879883,12731.290039,12659.30957,12729.169922,12729.169922,4278930000,-0.0001869279888506714,DOWN,1
172,2020-08-07,12655.700195,12766.049805,12650.679688,12765.839844,12765.839844,4110030000,0.002880778732996969,UP,1
173,2020-08-10,12797.780273,12854.519531,12794.530273,12844.019531,12844.019531,4327920000,0.006124131898517016,UP,2
174,2020-08-11,12996.429688,13003.589844,12826.870117,12849.429688,12849.429688,4880540000,0.0004212199293953667,UP,3
175,2020-08-12,12984.900391,13010.860352,12944.780273,12974.830078,12974.830078,3772250000,0.009759218350142929,UP,4
176,2020-08-13,12914.700195,12965.589844,12885.509766,12919.150391,12919.150391,3438730000,-0.004291361556588824,DOWN,1
177,2020-08-14,12864.740234,12932.889648,12856.69043,12902.5,12902.5,3200060000,-0.0012888147049978649,DOWN,2
178,2020-08-17,12942.30957,12954.919922,12917.719727,12936.110352,12936.110352,3460330000,0.0026049488083703665,UP,1
179,2020-08-18,12967.94043,12975.540039,12877.19043,12910.330078,12910.330078,3669550000,-0.0019928922449252706,DOWN,1
180,2020-08-19,12931.080078,12946.80957,12843.280273,12859.879883,12859.879883,3679480000,-0.003907738585706033,DOWN,2
181,2020-08-20,12751.290039,12832.330078,12739.0,12812.860352,12812.860352,3431040000,-0.003656296281752791,DOWN,3
182,2020-08-21,12782.05957,12814.110352,12762.94043,12809.070313,12809.070313,3505010000,-0.00029579960257730686,DOWN,4
183,2020-08-24,12904.950195,12973.400391,12881.400391,12972.879883,12972.879883,3743410000,0.0127885604495237,UP,1
184,2020-08-25,13029.900391,13029.900391,12943.150391,13001.990234,13001.990234,3627650000,0.0022439389913837537,UP,2
185,2020-08-26,13006.179688,13057.860352,12975.959961,13042.540039,13042.540039,3780530000,0.0031187383062296625,UP,3
186,2020-08-27,13066.150391,13111.450195,13012.969727,13068.80957,13068.80957,3955890000,0.002014142254610496,UP,4
187,2020-08-28,13115.370117,13173.969727,13066.719727,13170.959961,13170.959961,3868510000,0.00781635010081505,UP,5
188,2020-08-31,13134.389648,13136.549805,13043.629883,13045.599609,13045.599609,4348280000,-0.009517935850628878,DOWN,1
189,2020-09-01,13032.040039,13113.929688,13004.169922,13113.740234,13113.740234,4101490000,0.0052232650887882315,UP,1
190,2020-09-02,13132.709961,13299.730469,13112.820313,13276.740234,13276.740234,4295640000,0.012429710905618618,UP,2
191,2020-09-03,13253.799805,13285.089844,12887.599609,12966.139648,12966.139648,4911830000,-0.023394340819035797,DOWN,1
192,2020-09-04,13022.469727,13069.969727,12723.790039,12966.139648,12966.139648,4438720000,0.0,DOWN,2
193,2020-09-08,12777.549805,12816.0,12659.160156,12688.070313,12688.070313,4694330000,-0.02144580750700864,DOWN,3
194,2020-09-09,12806.240234,12969.459961,12803.740234,12885.799805,12885.799805,3932520000,0.015583889994478461,UP,1
195,2020-09-10,12924.5,12964.200195,12688.320313,12706.69043,12706.69043,4208630000,-0.013899748382750876,DOWN,1
196,2020-09-11,12779.980469,12827.860352,12683.339844,12773.040039,12773.040039,3710090000,0.00522162787906999,UP,1
197,2020-09-14,12868.30957,12970.570313,12858.179688,12932.69043,12932.69043,3839580000,0.012499012804511711,UP,2
198,2020-09-15,13010.969727,13047.480469,12942.519531,12967.179688,12967.179688,4057190000,0.0026668277715822253,UP,3
199,2020-09-16,13013.459961,13128.679688,12990.700195,12997.860352,12997.860352,4718900000,0.0023660244353975735,UP,4
200,2020-09-17,12866.169922,12981.339844,12824.44043,12948.450195,12948.450195,4379840000,-0.0038014069748331103,DOWN,1
201,2020-09-18,12937.599609,12962.639648,12779.400391,12833.570313,12833.570313,7076400000,-0.008872095136478908,DOWN,2
202,2020-09-21,12617.450195,12833.570313,12421.150391,12833.570313,12833.570313,4836070000,0.0,DOWN,3
203,2020-09-22,12575.19043,12636.209961,12502.25,12602.540039,12602.540039,3974510000,-0.018002026588499254,DOWN,4
204,2020-09-23,12630.530273,12657.200195,12355.429688,12359.160156,12359.160156,4378650000,-0.01931197062233747,DOWN,5
205,2020-09-24,12314.580078,12476.129883,12228.969727,12365.540039,12365.540039,4601920000,0.0005162068392570163,UP,1
206,2020-09-25,12293.889648,12507.929688,12281.980469,12485.379883,12485.379883,3803330000,0.0096914363320999,UP,2
207,2020-09-28,12650.049805,12735.160156,12642.969727,12677.540039,12677.540039,3950910000,0.01539081371978468,UP,3
208,2020-09-29,12660.929688,12688.700195,12562.530273,12602.639648,12602.639648,3661590000,-0.005908117092873089,DOWN,1
209,2020-09-30,12643.450195,12795.629883,12621.509766,12701.889648,12701.889648,4738640000,0.007875334276954415,UP,1
210,2020-10-01,12759.660156,12792.620117,12656.30957,12726.839844,12726.839844,4076340000,0.0019642900931617913,UP,2
211,2020-10-02,12554.120117,12803.519531,12551.969727,12749.790039,12749.790039,3975180000,0.0018032909411380693,UP,3
212,2020-10-05,12842.490234,12957.55957,12842.490234,12949.650391,12949.650391,3692720000,0.015675579863562605,UP,4
213,2020-10-06,12995.950195,13083.299805,12824.200195,12837.879883,12837.879883,4453390000,-0.008631160272688176,DOWN,1
214,2020-10-07,12950.55957,13073.0,12950.55957,13042.330078,13042.330078,3814750000,0.01592554197914997,UP,1
215,2020-10-08,13116.129883,13191.009766,13100.969727,13190.580078,13190.580078,3867640000,0.011366833925639641,UP,2
216,2020-10-09,13256.820313,13297.0,13207.589844,13252.620117,13252.620117,3944090000,0.0047033594150627245,UP,3
217,2020-10-12,13289.549805,13350.589844,13274.94043,13324.870117,13324.870117,3435760000,0.005451752133702303,UP,4
218,2020-10-13,13271.25,13280.19043,13181.589844,13211.950195,13211.950195,3611100000,-0.008474373184016004,DOWN,1
219,2020-10-14,13222.360352,13267.160156,13135.900391,13143.160156,13143.160156,3858510000,-0.005206652915330623,DOWN,2
220,2020-10-15,12974.129883,13148.700195,12960.980469,13137.25,13137.25,3724550000,-0.00044967541518559084,DOWN,3
221,2020-10-16,13183.610352,13241.530273,13164.540039,13169.320313,13169.320313,4688030000,0.0024411739899903306,UP,1
222,2020-10-19,13169.320313,13247.75,12999.410156,13018.509766,13018.509766,4091080000,-0.011451657596264098,DOWN,1
223,2020-10-20,13018.509766,13198.019531,13018.509766,13092.160156,13092.160156,3917850000,0.005657359507641235,UP,1
224,2020-10-21,13092.160156,13153.419922,13039.349609,13040.129883,13040.129883,4103960000,-0.003974154943113484,DOWN,1
225,2020-10-22,13040.129883,13162.799805,13002.959961,13145.919922,13145.919922,4172060000,0.008112652247268981,UP,1
226,2020-10-23,13145.919922,13215.589844,13117.820313,13199.860352,13199.860352,3651600000,0.004103206950905713,UP,2
227,2020-10-26,13063.799805,13063.799805,12815.280273,12936.389648,12936.389648,4002210000,-0.01996011298408007,DOWN,1
228,2020-10-27,12921.25,12934.110352,12817.870117,12817.870117,12817.870117,3962400000,-0.009161716230333461,DOWN,2
229,2020-10-28,12575.290039,12617.580078,12411.099609,12415.419922,12415.419922,5139970000,-0.031397587222095624,DOWN,3
230,2020-10-29,12409.040039,12584.469727,12317.799805,12502.290039,12502.290039,4911860000,0.006996953590435284,UP,1
231,2020-10-30,12448.69043,12492.620117,12293.75,12429.330078,12429.330078,4843930000,-0.005835727756467457,DOWN,1
232,2020-11-02,12573.339844,12675.129883,12535.929688,12662.169922,12662.169922,4314690000,0.018733096839396612,UP,1
233,2020-11-03,12781.169922,12936.900391,12781.169922,12877.450195,12877.450195,4241380000,0.017001846786620645,UP,2
234,2020-11-04,12916.230469,13161.519531,12868.620117,12978.950195,12978.950195,4790400000,0.007881995151447718,UP,3
235,2020-11-05,13125.75,13252.830078,13125.75,13199.120117,13199.120117,4858150000,0.016963615600036563,UP,4
236,2020-11-06,13233.450195,13270.469727,13188.240234,13218.669922,13218.669922,4842460000,0.001481144563175718,UP,5
237,2020-11-09,13726.209961,13930.879883,13608.379883,13611.650391,13611.650391,8570510000,0.0297291990282591,UP,6
238,2020-11-10,13663.179688,13732.620117,13577.019531,13707.990234,13707.990234,6037470000,0.007077748857236443,UP,7
239,2020-11-11,13779.929688,13779.929688,13669.889648,13724.780273,13724.780273,4635560000,0.0012248359324298352,UP,8
240,2020-11-12,13645.450195,13675.240234,13476.230469,13551.469727,13551.469727,4909660000,-0.012627564343667075,DOWN,1
241,2020-11-13,13644.950195,13787.700195,13644.950195,13761.320313,13761.320313,4719580000,0.015485448458914641,UP,1
242,2020-11-16,13946.19043,13985.509766,13879.179688,13982.19043,13982.19043,5295510000,0.016050067288336356,UP,2
243,2020-11-17,13880.80957,13989.339844,13818.759766,13949.099609,13949.099609,4812180000,-0.002366640703805656,DOWN,1
244,2020-11-18,13986.410156,14004.610352,13808.370117,13808.650391,13808.650391,5284810000,-0.010068694176460169,DOWN,2
245,2020-11-19,13765.519531,13871.259766,13714.269531,13863.230469,13863.230469,4363370000,0.003952600468151157,UP,1
246,2020-11-20,13853.120117,13883.450195,13810.240234,13827.0,13827.0,4236370000,-0.002613421819756656,DOWN,1
247,2020-11-23,13827.0,14029.330078,13827.0,13998.240234,13998.240234,5057550000,0.012384482100238792,UP,1
248,2020-11-24,14158.709961,14271.089844,14138.379883,14249.5,14249.5,6280290000,0.017949382336625463,UP,2
249,2020-11-25,14249.5,14249.5,14122.099609,14191.580078,14191.580078,4910440000,-0.004064698550826251,DOWN,1
250,2020-11-27,14191.580078,14229.120117,14165.709961,14198.5,14198.5,2778390000,0.0004876075787167977,UP,1
251,2020-11-30,14140.950195,14140.950195,13977.049805,14006.459961,14006.459961,6308410000,-0.013525375145261753,DOWN,1
252,2020-12-01,14183.450195,14233.459961,14131.330078,14146.639648,14146.639648,5418480000,0.010008216736443032,UP,1
253,2020-12-02,14104.05957,14198.790039,14076.709961,14188.240234,14188.240234,5041250000,0.002940669094224191,UP,2
254,2020-12-03,14210.540039,14283.730469,14184.490234,14217.179688,14217.179688,5065340000,0.0020396788835481683,UP,3
255,2020-12-04,14299.509766,14417.400391,14297.730469,14417.330078,14417.330078,5099620000,0.014078065719949961,UP,4
256,2020-12-07,14375.549805,14386.980469,14314.469727,14354.969727,14354.969727,4804500000,-0.004325374439138274,DOWN,1
257,2020-12-08,14304.139648,14424.980469,14304.139648,14402.169922,14402.169922,4584390000,0.003288073461501062,UP,1
258,2020-12-09,14466.070313,14476.679688,14293.269531,14374.080078,14374.080078,5232800000,-0.0019503897087820299,DOWN,1
259,2020-12-10,14310.400391,14413.05957,14290.929688,14394.339844,14394.339844,4658480000,0.0014094652242133687,UP,1
260,2020-12-11,14332.969727,14369.240234,14260.889648,14355.290039,14355.290039,4375470000,-0.002712858347323044,DOWN,1
261,2020-12-14,14445.360352,14459.650391,14214.030273,14214.929688,14214.929688,4623850000,-0.009777604675257234,DOWN,2
262,2020-12-15,14303.030273,14410.150391,14271.360352,14402.320313,14402.320313,4387080000,0.013182662813885804,UP,1
263,2020-12-16,14426.080078,14442.889648,14370.509766,14408.94043,14408.94043,4067040000,0.00045965628149691184,UP,2
264,2020-12-17,14488.69043,14519.990234,14472.19043,14516.730469,14516.730469,4192810000,0.007480774837237636,UP,3
265,2020-12-18,14525.740234,14529.879883,14394.349609,14467.820313,14467.820313,7097100000,-0.0033692267073806015,DOWN,1
266,2020-12-21,14257.730469,14408.110352,14171.769531,14378.849609,14378.849609,4748580000,-0.006149558266220323,DOWN,2
267,2020-12-22,14368.55957,14368.990234,14305.620117,14321.339844,14321.339844,4053310000,-0.0039996082137200295,DOWN,3
268,2020-12-23,14397.009766,14457.290039,14397.009766,14398.620117,14398.620117,3779160000,0.005396162219582834,UP,1
269,2020-12-24,14398.620117,14398.620117,14324.769531,14382.5,14382.5,1883780000,-0.0011195598515004734,DOWN,1
270,2020-12-28,14476.349609,14481.480469,14396.230469,14405.769531,14405.769531,3535460000,0.0016179058578134065,UP,1
271,2020-12-29,14500.030273,14515.80957,14371.870117,14397.919922,14397.919922,3393290000,-0.0005448934180926068,DOWN,1
272,2020-12-30,14447.959961,14520.570313,14447.959961,14477.480469,14477.480469,3154850000,0.005525836192381783,UP,1
273,2020-12-31,14469.0,14533.209961,14422.740234,14524.799805,14524.799805,3179040000,0.0032684786625216677,UP,2
274,2021-01-04,14601.450195,14605.75,14258.25,14376.700195,14376.700195,5015000000,-0.010196327108688896,DOWN,1
275,2021-01-05,14378.700195,14579.280273,14378.700195,14536.530273,14536.530273,4591020000,0.01111729922945659,UP,1
276,2021-01-06,14594.480469,14898.490234,14590.410156,14788.839844,14788.839844,6064110000,0.017356932243221435,UP,2
277,2021-01-07,14866.919922,14948.299805,14849.349609,14928.75,14928.75,5099160000,0.009460522764181745,UP,3
278,2021-01-08,14990.519531,15006.160156,14818.799805,14966.830078,14966.830078,4773040000,0.00255078811019005,UP,4
279,2021-01-11,14828.030273,14975.269531,14817.740234,14937.959961,14937.959961,4465430000,-0.0019289399859250267,DOWN,1
280,2021-01-12,14970.780273,15024.519531,14923.820313,15010.290039,15010.290039,4994950000,0.004842031856347129,UP,1
281,2021-01-13,15017.019531,15045.540039,14931.120117,14983.610352,14983.610352,4602510000,-0.0017774264808128049,DOWN,1
282,2021-01-14,15063.55957,15129.120117,15037.290039,15044.379883,15044.379883,5198480000,0.004055733536336259,UP,1
283,2021-01-15,14949.339844,14952.339844,14791.650391,14894.169922,14894.169922,5369820000,-0.009984456798364683,DOWN,1
284,2021-01-19,15026.639648,15037.490234,14958.719727,14987.339844,14987.339844,5014440000,0.00625546253923015,UP,1
285,2021-01-20,15067.860352,15114.110352,15029.280273,15097.280273,15097.280273,4566190000,0.007335553216537782,UP,2
286,2021-01-21,15102.530273,15102.530273,14998.860352,15019.049805,15019.049805,4501760000,-0.005181759004627251,DOWN,1
287,2021-01-22,14895.730469,14979.950195,14881.379883,14951.839844,14951.839844,5110890000,-0.00447498089909959,DOWN,2
288,2021-01-25,14951.839844,14957.980469,14765.429688,14935.290039,14935.290039,7000840000,-0.001106874148778525,DOWN,3
289,2021-01-26,14935.290039,14995.549805,14860.55957,14867.370117,14867.370117,6137500000,-0.004547613191484223,DOWN,4
290,2021-01-27,14867.370117,14867.370117,14447.360352,14487.730469,14487.730469,9976520000,-0.02553509094159856,DOWN,5
291,2021-01-28,14487.730469,14767.549805,14487.730469,14669.519531,14669.519531,6992770000,0.012547794313883864,UP,1
292,2021-01-29,14669.519531,14669.519531,14328.459961,14397.200195,14397.200195,6643370000,-0.01856361658093353,DOWN,1
293,2021-02-01,14397.200195,14623.44043,14397.200195,14596.179688,14596.179688,5436230000,0.013820707519862419,UP,1
294,2021-02-02,14596.179688,14830.790039,14596.179688,14768.580078,14768.580078,5514090000,0.011811336506204917,UP,2
295,2021-02-03,14768.580078,14871.570313,14753.30957,14839.05957,14839.05957,4864870000,0.004772259189967043,UP,3
296,2021-02-04,14839.05957,14976.179688,14839.05957,14975.429688,14975.429688,4879240000,0.00918994342981816,UP,4
297,2021-02-05,14975.429688,15087.969727,14975.429688,15069.599609,15069.599609,4879470000,0.0062882950914897595,UP,5
298,2021-02-08,15069.599609,15226.650391,15069.599609,15226.610352,15226.610352,4648360000,0.01041903879823236,UP,6
299,2021-02-09,15226.610352,15266.830078,15168.669922,15244.400391,15244.400391,4568320000,0.001168351891112973,UP,7
300,2021-02-10,15244.400391,15343.780273,15183.959961,15273.900391,15273.900391,4837070000,0.0019351367874997916,UP,8
301,2021-02-11,15273.900391,15341.339844,15195.849609,15297.089844,15297.089844,4590960000,0.0015182404236224745,UP,9
302,2021-02-12,15297.089844,15373.769531,15254.870117,15369.599609,15369.599609,4135060000,0.004740101923925266,UP,10
303,2021-02-16,15370.219727,15483.200195,15370.219727,15423.019531,15423.019531,5058990000,0.003475687289128615,UP,11
304,2021-02-17,15423.019531,15423.019531,15289.400391,15402.589844,15402.589844,4730650000,-0.001324623038889139,DOWN,1
305,2021-02-18,15402.589844,15402.589844,15205.040039,15290.639648,15290.639648,4793650000,-0.007268270929359888,DOWN,2
306,2021-02-19,15290.639648,15418.570313,15290.639648,15362.69043,15362.69043,4845320000,0.0047120842331422885,UP,1
307,2021-02-22,15362.69043,15423.629883,15264.849609,15340.469727,15340.469727,5917100000,-0.0014464070015112185,DOWN,1
308,2021-02-23,15340.469727,15404.679688,15089.980469,15359.129883,15359.129883,6296610000,0.0012164005621781993,UP,1
309,2021-02-24,15359.129883,15566.469727,15326.669922,15539.419922,15539.419922,6012790000,0.01173829770132695,UP,2
310,2021-02-25,15539.419922,15555.900391,15156.839844,15206.669922,15206.669922,6547470000,-0.021413283228732816,DOWN,1
311,2021-02-26,15206.669922,15209.769531,14943.969727,15010.469727,15010.469727,6526070000,-0.012902245922767785,DOWN,2
312,2021-03-01,15010.469727,15396.519531,15010.469727,15327.769531,15327.769531,5114820000,0.021138565932367737,UP,1
313,2021-03-02,15327.769531,15366.919922,15257.919922,15277.019531,15277.019531,5536010000,-0.003310984021344998,DOWN,1
314,2021-03-03,15277.019531,15336.349609,15197.919922,15199.19043,15199.19043,6173660000,-0.00509452127373855,DOWN,2
315,2021-03-04,15199.19043,15246.980469,14765.549805,14959.410156,14959.410156,7195400000,-0.015775858267209064,DOWN,3
316,2021-03-05,14959.410156,15284.160156,14818.549805,15251.830078,15251.830078,6851070000,0.019547556952485667,UP,1
317,2021-03-08,15251.830078,15471.910156,15236.929688,15288.379883,15288.379883,5871710000,0.00239642094181991,UP,2
318,2021-03-09,15288.379883,15498.089844,15288.379883,15375.629883,15375.629883,5513560000,0.005706948719727878,UP,3
319,2021-03-10,15375.629883,15573.269531,15375.629883,15521.839844,15521.839844,5847380000,0.009509201386387334,UP,4
320,2021-03-11,15521.839844,15701.820313,15521.839844,15648.0,15648.0,5312880000,0.008127912494134248,UP,5
321,2021-03-12,15648.0,15717.80957,15607.799805,15715.209961,15715.209961,4476280000,0.004295115094580915,UP,6
322,2021-03-15,15715.209961,15778.040039,15613.169922,15775.5,15775.5,4900100000,0.003836413204126421,UP,7
323,2021-03-16,15775.5,15775.5,15639.349609,15669.299805,15669.299805,4613080000,-0.006731970143577071,DOWN,1
324,2021-03-17,15669.299805,15746.030273,15579.530273,15731.150391,15731.150391,4561660000,0.0039472463204937025,UP,1
325,2021-03-18,15731.150391,15797.94043,15559.830078,15589.089844,15589.089844,5118590000,-0.009030525007330259,DOWN,1
326,2021-03-19,15589.070313,15636.120117,15454.110352,15562.259766,15562.259766,7757420000,-0.0017210804651515144,DOWN,2
327,2021-03-22,15562.259766,15595.599609,15496.55957,15551.55957,15551.55957,4316260000,-0.0006875734090608931,DOWN,3
328,2021-03-23,15551.580078,15551.580078,15306.070313,15346.530273,15346.530273,4669010000,-0.013183841535450491,DOWN,4
329,2021-03-24,15346.530273,15479.849609,15276.55957,15276.55957,15276.55957,4783020000,-0.004559382593673611,DOWN,5
330,2021-03-25,15276.55957,15439.089844,15138.69043,15410.370117,15410.370117,4948340000,0.008759206965865296,UP,1
331,2021-03-26,15410.370117,15687.179688,15410.370117,15682.540039,15682.540039,5483160000,0.017661478597438274,UP,2
332,2021-03-29,15682.540039,15682.540039,15522.660156,15611.879883,15611.879883,4628180000,-0.0045056576182352925,DOWN,1
333,2021-03-30,15611.879883,15663.009766,15551.530273,15626.110352,15626.110352,4121510000,0.0009115154040799656,UP,1
334,2021-03-31,15626.110352,15681.910156,15601.740234,15601.740234,15601.740234,4578050000,-0.0015595767245353276,DOWN,1
335,2021-04-01,15601.740234,15752.330078,15601.740234,15751.700195,15751.700195,4162130000,0.009611745789306125,UP,1
336,2021-04-05,15752.240234,15882.099609,15752.240234,15870.339844,15870.339844,4005030000,0.00753186307073439,UP,2
337,2021-04-06,15870.339844,15920.280273,15842.25,15877.959961,15877.959961,4081270000,0.0004801483191225753,UP,3
338,2021-04-07,15877.959961,15905.25,15804.450195,15838.849609,15838.849609,4120810000,-0.002463184949204056,DOWN,1
339,2021-04-08,15838.849609,15894.799805,15812.370117,15886.55957,15886.55957,3907100000,0.0030122112513075727,UP,1
340,2021-04-09,15886.55957,15956.379883,15865.599609,15956.370117,15956.370117,3640390000,0.00439431499893983,UP,2
341,2021-04-12,15956.370117,15986.360352,15933.730469,15977.459961,15977.459961,3588900000,0.0013217194039345515,UP,3
342,2021-04-13,15977.459961,15989.799805,15902.160156,15962.339844,15962.339844,3734720000,-0.0009463404719466384,DOWN,1
343,2021-04-14,15962.339844,16076.259766,15962.339844,16000.150391,16000.150391,3985350000,0.0023687346197063253,UP,1
344,2021-04-15,16000.150391,16123.469727,16000.150391,16116.849609,16116.849609,4033420000,0.007293632568956543,UP,2
345,2021-04-16,16116.849609,16207.099609,16116.849609,16186.290039,16186.290039,4163820000,0.004308561020586854,UP,3
346,2021-04-19,16186.290039,16186.290039,16076.570313,16107.55957,16107.55957,3810290000,-0.0048640218858245765,DOWN,1
347,2021-04-20,16107.55957,16107.55957,15887.389648,15944.610352,15944.610352,4342650000,-0.010116319439444355,DOWN,2
348,2021-04-21,15944.610352,16128.900391,15903.459961,16121.610352,16121.610352,3887250000,0.011100929787086322,UP,1
349,2021-04-22,16121.610352,16175.200195,15991.839844,16030.620117,16030.620117,4245140000,-0.005643991698925488,DOWN,1
350,2021-04-23,16030.620117,16246.370117,16030.620117,16206.0,16206.0,3569880000,0.01094030559766157,UP,1
351,2021-04-26,16206.0,16278.099609,16206.0,16241.209961,16241.209961,3748320000,0.002172649697642859,UP,2
352,2021-04-27,16241.209961,16287.620117,16212.75,16273.30957,16273.30957,3710700000,0.0019764296549997784,UP,3
353,2021-04-28,16273.30957,16362.599609,16273.30957,16322.129883,16322.129883,3787360000,0.0030000236147416093,UP,4
354,2021-04-29,16322.129883,16413.279297,16263.040039,16376.0,16376.0,4298680000,0.003300434280706588,UP,5
355,2021-04-30,16376.0,16376.0,16199.480469,16219.330078,16219.330078,4300880000,-0.009567044577430295,DOWN,1
356,2021-05-03,16219.330078,16375.070313,16219.330078,16325.240234,16325.240234,4070220000,0.006529872410923954,UP,1
357,2021-05-04,16325.240234,16325.240234,16156.990234,16289.269531,16289.269531,4452460000,-0.002203379704335706,DOWN,1
358,2021-05-05,16289.269531,16394.619141,16284.740234,16348.410156,16348.410156,4230920000,0.003630649298757671,UP,1
359,2021-05-06,16348.410156,16462.439453,16275.160156,16459.599609,16459.599609,4511000000,0.0068012395051877395,UP,2
360,2021-05-07,16459.599609,16598.019531,16439.039063,16590.429688,16590.429688,4016080000,0.007948557808688195,UP,3
361,2021-05-10,16590.429688,16685.890625,16516.800781,16516.830078,16516.830078,4560700000,-0.004436269065004161,DOWN,1
362,2021-05-11,16516.830078,16516.830078,16211.540039,16355.620117,16355.620117,4870710000,-0.00976034506855683,DOWN,2
363,2021-05-12,16355.620117,16355.620117,16030.299805,16042.969727,16042.969727,4733070000,-0.019115777192393435,DOWN,3
364,2021-05-13,16042.969727,16243.269531,16035.490234,16181.629883,16181.629883,4779540000,0.008643047911923496,UP,1
365,2021-05-14,16181.629883,16438.900391,16181.629883,16415.359375,16415.359375,4008880000,0.014444125449040834,UP,2
366,2021-05-17,16415.359375,16434.25,16341.179688,16422.960938,16422.960938,4125050000,0.00046307624623653787,UP,3
367,2021-05-18,16422.960938,16458.230469,16337.290039,16337.730469,16337.730469,4398150000,-0.0051897139207578435,DOWN,1
368,2021-05-19,16337.730469,16337.730469,16040.429688,16233.320313,16233.320313,4247450000,-0.006390738064758317,DOWN,2
369,2021-05-20,16233.320313,16398.769531,16233.299805,16350.450195,16350.450195,3978880000,0.007215398928966943,UP,1
370,2021-05-21,16350.450195,16475.0,16344.759766,16375.0,16375.0,3995250000,0.0015014757824531877,UP,2
371,2021-05-24,16375.0,16508.519531,16375.0,16464.689453,16464.689453,3684800000,0.005477218503816772,UP,3
372,2021-05-25,16464.689453,16525.810547,16375.150391,16390.189453,16390.189453,4182250000,-0.004524834811653555,DOWN,1
373,2021-05-26,16390.189453,16466.339844,16388.320313,16451.960938,16451.960938,4420890000,0.003768808480044461,UP,1
374,2021-05-27,16451.960938,16546.359375,16451.960938,16531.949219,16531.949219,6406310000,0.0048619299122723,UP,2
375,2021-05-28,16531.949219,16588.689453,16531.949219,16555.660156,16555.660156,4649250000,0.0014342493244989818,UP,3
376,2021-06-01,16555.660156,16718.669922,16555.660156,16643.320313,16643.320313,5074670000,0.005294875358276219,UP,4
377,2021-06-02,16643.320313,16691.960938,16620.550781,16673.960938,16673.960938,5833670000,0.0018410163611444208,UP,5
378,2021-06-03,16673.960938,16673.960938,16530.199219,16632.339844,16632.339844,5587970000,-0.0024961731741345305,DOWN,1
379,2021-06-04,16632.339844,16718.009766,16632.339844,16708.740234,16708.740234,4139790000,0.004593484183018415,UP,1
380,2021-06-07,16708.740234,16725.550781,16669.900391,16709.300781,16709.300781,4476920000,3.3548130628169304e-05,UP,2
381,2021-06-08,16685.140625,16704.480469,16607.140625,16685.480469,16685.480469,4659620000,-0.0014255720399197758,DOWN,1
382,2021-06-09,16685.480469,16691.019531,16619.960938,16620.0,16620.0,4713260000,-0.0039243981689142116,DOWN,2
383,2021-06-10,16620.0,16726.949219,16613.150391,16651.429688,16651.429688,4408210000,0.0018910762936221737,UP,1
384,2021-06-11,16651.429688,16696.509766,16629.630859,16694.929688,16694.929688,3815010000,0.002612388294282564,UP,2
385,2021-06-14,16694.929688,16694.929688,16600.470703,16662.419922,16662.419922,4151200000,-0.001947283792597565,DOWN,1
386,2021-06-15,16662.419922,16685.039063,16596.800781,16655.810547,16655.810547,4048940000,-0.0003966635717345124,DOWN,2
387,2021-06-16,16655.810547,16655.810547,16497.75,16542.759766,16542.759766,4538350000,-0.006787467993886631,DOWN,3
388,2021-06-17,16542.759766,16562.189453,16307.070313,16411.650391,16411.650391,5312680000,-0.007925483828246538,DOWN,4
389,2021-06-18,16411.650391,16411.650391,16142.5,16143.950195,16143.950195,6817010000,-0.016311595093861153,DOWN,5
390,2021-06-21,16143.950195,16421.929688,16143.950195,16411.980469,16411.980469,4128950000,0.01660252111549565,UP,1
391,2021-06-22,16411.980469,16487.130859,16349.290039,16449.009766,16449.009766,3828390000,0.0022562357461943794,UP,2
392,2021-06-23,16449.009766,16511.560547,16436.75,16437.630859,16437.630859,3730350000,-0.0006917685114102845,DOWN,1
393,2021-06-24,16437.630859,16573.310547,16437.630859,16558.619141,16558.619141,3816660000,0.007360445251376024,UP,1
394,2021-06-25,16558.619141,16678.0,16558.619141,16658.789063,16658.789063,7341450000,0.006049412764858708,UP,2
395,2021-06-28,16658.789063,16658.789063,16522.490234,16573.720703,16573.720703,4147890000,-0.005106515226184216,DOWN,1
396,2021-06-29,16573.720703,16627.449219,16533.970703,16547.570313,16547.570313,3707150000,-0.0015778225341558372,DOWN,2
397,2021-06-30,16547.570313,16568.919922,16517.029297,16555.349609,16555.349609,4266040000,0.00047011711404487677,UP,1
398,2021-07-01,16555.349609,16649.099609,16555.349609,16640.960938,16640.960938,3788230000,0.005171218429205426,UP,2
399,2021-07-02,16640.960938,16689.429688,16608.339844,16674.849609,16674.849609,3225840000,0.0020364611831167334,UP,3
400,2021-07-06,16674.849609,16674.849609,16448.769531,16542.75,16542.75,4309570000,-0.007922086981144494,DOWN,1
401,2021-07-07,16542.75,16593.570313,16449.089844,16559.310547,16559.310547,4037380000,0.001001075818712227,UP,1
402,2021-07-08,16559.310547,16559.310547,16245.480469,16359.700195,16359.700195,4347500000,-0.0120542670803504,DOWN,1
403,2021-07-09,16359.700195,16639.199219,16359.700195,16633.300781,16633.300781,3531120000,0.01672405867704252,UP,1
404,2021-07-12,16633.300781,16681.650391,16553.789063,16673.140625,16673.140625,3384460000,0.002395185689511914,UP,2
405,2021-07-13,16673.140625,16673.140625,16572.880859,16575.769531,16575.769531,3695430000,-0.00583999716610073,DOWN,1
406,2021-07-14,16575.769531,16674.539063,16510.380859,16543.779297,16543.779297,4006370000,-0.0019299395988929824,DOWN,2
407,2021-07-15,16543.779297,16543.779297,16424.419922,16499.060547,16499.060547,3905230000,-0.002703055281214284,DOWN,3
408,2021-07-16,16499.060547,16557.490234,16345.509766,16364.660156,16364.660156,3985700000,-0.008145942044223808,DOWN,4
409,2021-07-19,16364.660156,16364.660156,15954.69043,16052.709961,16052.709961,5157660000,-0.019062430385126228,DOWN,5
410,2021-07-20,16052.709961,16362.259766,16052.709961,16321.94043,16321.94043,4438270000,0.016771652241527768,UP,1
411,2021-07-21,16321.94043,16517.609375,16321.94043,16503.470703,16503.470703,3810280000,0.011121856116221407,UP,2
412,2021-07-22,16503.470703,16510.339844,16404.380859,16455.919922,16455.919922,3358300000,-0.002881259454797891,DOWN,1
413,2021-07-23,16455.919922,16564.140625,16455.919922,16552.380859,16552.380859,4540070000,0.005861777248383548,UP,1
414,2021-07-26,16552.380859,16571.490234,16513.359375,16565.310547,16565.310547,4275630000,0.0007811376568809258,UP,2
415,2021-07-27,16565.310547,16565.310547,16430.519531,16520.960938,16520.960938,4241950000,-0.002677257928498822,DOWN,1
416,2021-07-28,16520.960938,16628.939453,16490.650391,16573.560547,16573.560547,4215290000,0.0031838105057808708,UP,1
417,2021-07-29,16573.560547,16750.669922,16573.560547,16697.140625,16697.140625,4044600000,0.0074564591989478846,UP,2
418,2021-07-30,16697.140625,16715.880859,16575.5,16602.289063,16602.289063,3956740000,-0.005680706902473021,DOWN,1
419,2021-08-02,16602.289063,16761.240234,16568.259766,16576.210938,16576.210938,3724090000,-0.0015707547857432003,DOWN,2
420,2021-08-03,16576.210938,16714.259766,16509.619141,16713.460938,16713.460938,3965190000,0.008279938069885473,UP,1
421,2021-08-04,16713.460938,16713.460938,16593.460938,16594.480469,16594.480469,4260760000,-0.007118840881692345,DOWN,1
422,2021-08-05,16594.480469,16695.529297,16594.480469,16695.5,16695.5,3769410000,0.006087538033427098,UP,1
423,2021-08-06,16695.5,16775.900391,16695.5,16748.080078,16748.080078,3451870000,0.0031493562936120156,UP,2
424,2021-08-09,16748.080078,16756.179688,16678.550781,16726.949219,16726.949219,3449280000,-0.0012616884384113458,DOWN,1
425,2021-08-10,16726.949219,16821.390625,16726.949219,16792.779297,16792.779297,3886610000,0.00393556990806343,UP,1
426,2021-08-11,16792.779297,16875.740234,16792.779297,16875.390625,16875.390625,3532560000,0.00491945535273941,UP,2
427,2021-08-12,16875.390625,16875.390625,16802.390625,16871.119141,16871.119141,3375310000,-0.0002531191185389803,DOWN,1
428,2021-08-13,16871.119141,16887.25,16847.179688,16868.109375,16868.109375,3016470000,-0.00017839753100223898,DOWN,2
429,2021-08-16,16868.109375,16868.109375,16709.210938,16836.740234,16836.740234,3370640000,-0.0018596714250911361,DOWN,3
430,2021-08-17,16836.740234,16836.740234,16589.390625,16707.130859,16707.130859,3836960000,-0.007698008830608893,DOWN,4
431,2021-08-18,16707.130859,16729.589844,16545.730469,16550.339844,16550.339844,3755590000,-0.009384676299194705,DOWN,5
432,2021-08-19,16550.339844,16550.339844,16345.400391,16429.140625,16429.140625,4398410000,-0.0073230652749367575,DOWN,6
433,2021-08-20,16429.140625,16535.179688,16399.609375,16516.679688,16516.679688,3652610000,0.005328280096817295,UP,1
434,2021-08-23,16516.679688,16679.769531,16516.679688,16648.550781,16648.550781,3576530000,0.007984116389676776,UP,2
435,2021-08-24,16648.550781,16771.25,16648.550781,16741.160156,16741.160156,3979220000,0.005562608795096402,UP,3
436,2021-08-25,16741.160156,16840.859375,16716.880859,16812.839844,16812.839844,3444700000,0.0042816440038837555,UP,4
437,2021-08-26,16812.839844,16812.839844,16684.230469,16694.320313,16694.320313,3263980000,-0.007049346338851459,DOWN,1
438,2021-08-27,16694.320313,16858.419922,16694.320313,16844.75,16844.75,3331200000,0.009010830281173998,UP,1
439,2021-08-30,16844.75,16873.160156,16801.339844,16819.630859,16819.630859,3168660000,-0.0014912148295462835,DOWN,1
440,2021-08-31,16819.630859,16849.160156,16783.050781,16806.439453,16806.439453,4290710000,-0.0007842862968031605,DOWN,2
441,2021-09-01,16806.439453,16879.849609,16791.150391,16845.990234,16845.990234,4057340000,0.0023533111287852293,UP,1
442,2021-09-02,16845.990234,16944.480469,16845.990234,16926.720703,16926.720703,3735990000,0.004792266164149961,UP,2
443,2021-09-03,16926.720703,16932.140625,16875.820313,16909.720703,16909.720703,3217530000,-0.0010043292081369781,DOWN,1
444,2021-09-07,16909.720703,16909.720703,16800.699219,16801.179688,16801.179688,3822960000,-0.006418853209133268,DOWN,2
445,2021-09-08,16801.179688,16801.179688,16677.160156,16731.039063,16731.039063,3750880000,-0.004174744053841439,DOWN,3
446,2021-09-09,16731.039063,16790.089844,16653.560547,16663.119141,16663.119141,3735390000,-0.004059516073344316,DOWN,4
447,2021-09-10,16663.119141,16767.439453,16562.619141,16563.480469,16563.480469,3623180000,-0.005979593085596924,DOWN,5
448,2021-09-13,16563.480469,16689.050781,16563.230469,16635.390625,16635.390625,3914220000,0.004341488259945514,UP,1
449,2021-09-14,16635.390625,16678.310547,16471.060547,16497.230469,16497.230469,3670460000,-0.008305194576697983,DOWN,1
450,2021-09-15,16497.230469,16645.289063,16481.640625,16626.880859,16626.880859,4032020000,0.007858918516270297,UP,1
451,2021-09-16,16626.880859,16638.400391,16497.810547,16576.769531,16576.769531,3984560000,-0.003013874245263115,DOWN,1
452,2021-09-17,16576.769531,16586.070313,16442.359375,16460.349609,16460.349609,7289530000,-0.007023076588130506,DOWN,2
453,2021-09-20,16460.349609,16460.349609,15988.030273,16168.169922,16168.169922,4898070000,-0.017750515264891242,DOWN,3
454,2021-09-21,16168.169922,16325.25,16154.459961,16184.5,16184.5,3920920000,0.0010100140015092407,UP,1
455,2021-09-22,16184.5,16456.359375,16184.5,16352.179688,16352.179688,3939170000,0.010360510859155347,UP,2
456,2021-09-23,16352.179688,16627.019531,16352.179688,16567.259766,16567.259766,3916350000,0.013152991350616983,UP,3
457,2021-09-24,16567.259766,16582.539063,16502.720703,16539.150391,16539.150391,3384290000,-0.0016966822152258976,DOWN,1
458,2021-09-27,16539.150391,16658.519531,16539.150391,16599.789063,16599.789063,4058650000,0.0036663716434308657,UP,1
459,2021-09-28,16599.789063,16599.789063,16303.900391,16328.780273,16328.780273,4416550000,-0.01632603817864553,DOWN,1
460,2021-09-29,16328.780273,16417.539063,16318.169922,16344.889648,16344.889648,3712660000,0.0009865632784977763,UP,1
461,2021-09-30,16344.889648,16407.980469,16144.290039,16144.919922,16144.919922,4448140000,-0.012234388258746676,DOWN,1
462,2021-10-01,16144.919922,16398.310547,16094.5,16323.740234,16323.740234,4010370000,0.011075949144617958,UP,1
463,2021-10-04,16323.740234,16368.490234,16127.150391,16198.55957,16198.55957,4307870000,-0.007668626320043281,DOWN,1
464,2021-10-05,16198.55957,16411.390625,16198.55957,16327.089844,16327.089844,3902890000,0.007934673045746576,UP,1
465,2021-10-06,16327.089844,16342.219727,16096.849609,16338.459961,16338.459961,4009630000,0.0006963958126424696,UP,2
466,2021-10-07,16338.459961,16601.689453,16338.459961,16511.810547,16511.810547,3843740000,0.010609970977300653,UP,3
467,2021-10-08,16511.810547,16585.109375,16505.080078,16517.230469,16517.230469,3280160000,0.00032824516636553724,UP,4
468,2021-10-11,16517.230469,16633.519531,16429.130859,16430.070313,16430.070313,3281970000,-0.005276923159943991,DOWN,1
469,2021-10-12,16430.070313,16515.529297,16411.509766,16441.75,16441.75,3558450000,0.0007108726120763631,UP,1
470,2021-10-13,16441.75,16538.439453,16359.349609,16513.160156,16513.160156,3620070000,0.004343221129137875,UP,2
471,2021-10-14,16513.160156,16750.390625,16513.160156,16744.289063,16744.289063,3598280000,0.013996649025172614,UP,3
472,2021-10-15,16744.289063,16914.669922,16744.289063,16871.740234,16871.740234,3819380000,0.007611620327412361,UP,4
473,2021-10-18,16871.740234,16891.5,16776.609375,16862.0,16862.0,3662010000,-0.0005773105716961879,DOWN,1
474,2021-10-19,16862.0,16995.800781,16862.0,16988.160156,16988.160156,3459130000,0.007481921243031708,UP,1
475,2021-10-20,16988.160156,17111.210938,16988.160156,17099.210938,17099.210938,3670760000,0.006536951675769176,UP,2
476,2021-10-21,17099.210938,17099.210938,17005.439453,17083.150391,17083.150391,3822330000,-0.0009392566158891169,DOWN,1
477,2021-10-22,17083.150391,17157.390625,17031.740234,17122.240234,17122.240234,3758220000,0.0022882104357400124,UP,1
478,2021-10-25,17122.240234,17192.179688,17096.160156,17169.070313,17169.070313,3899400000,0.002735043917150959,UP,2
479,2021-10-26,17169.070313,17228.300781,17131.439453,17145.150391,17145.150391,3879740000,-0.0013931984413791954,DOWN,1
480,2021-10-27,17145.150391,17145.150391,16920.380859,16920.380859,16920.380859,4226050000,-0.013109802298263085,DOWN,2
481,2021-10-28,16920.380859,17077.519531,16920.380859,17077.0,17077.0,4132950000,0.009256242061282727,UP,1
482,2021-10-29,17077.0,17077.0,16977.490234,17016.410156,17016.410156,4510200000,-0.0035480379457749622,DOWN,1
483,2021-11-01,17016.410156,17138.380859,17016.410156,17131.080078,17131.080078,3971540000,0.006738784558478983,UP,1
484,2021-11-02,17131.080078,17131.080078,17078.810547,17115.169922,17115.169922,3975250000,-0.0009287304669383101,DOWN,1
485,2021-11-03,17115.169922,17220.599609,17081.990234,17209.75,17209.75,4319660000,0.0055260963479202285,UP,1
486,2021-11-04,17209.75,17230.800781,17110.480469,17168.869141,17168.869141,4462300000,-0.0023754475805866093,DOWN,1
487,2021-11-05,17168.869141,17306.210938,17168.869141,17242.359375,17242.359375,4467180000,0.0042804353272460904,UP,1
488,2021-11-08,17242.359375,17341.779297,17242.359375,17310.509766,17310.509766,4269710000,0.003952498003191529,UP,2
489,2021-11-09,17310.509766,17323.119141,17217.939453,17286.910156,17286.910156,4117080000,-0.0013633110936079884,DOWN,1
490,2021-11-10,17286.910156,17322.720703,17145.0,17192.029297,17192.029297,4503720000,-0.005488595598853729,DOWN,2
491,2021-11-11,17192.029297,17246.859375,17192.029297,17220.410156,17220.410156,3926870000,0.0016508149509117942,UP,1
492,2021-11-12,17220.410156,17312.939453,17220.410156,17297.660156,17297.660156,3728600000,0.004485955868657632,UP,2
493,2021-11-15,17297.660156,17336.839844,17267.890625,17285.550781,17285.550781,3488410000,-0.0007000585565209994,DOWN,1
494,2021-11-16,17285.550781,17364.310547,17285.550781,17302.789063,17302.789063,3972640000,0.0009972654165550932,UP,1
495,2021-11-17,17302.789063,17302.789063,17158.980469,17192.660156,17192.660156,3969070000,-0.006364806656257271,DOWN,1
496,2021-11-18,17192.660156,17192.660156,17049.060547,17117.740234,17117.740234,4226410000,-0.004357668988987373,DOWN,2
497,2021-11-19,17117.740234,17117.740234,16965.800781,16973.960938,16973.960938,4253180000,-0.008399432053211031,DOWN,3
498,2021-11-22,16973.960938,17082.699219,16945.669922,16945.779297,16945.779297,4441100000,-0.0016602866651418413,DOWN,4
499,2021-11-23,16945.779297,17026.539063,16887.800781,17007.900391,17007.900391,4277590000,0.003665874133684577,UP,1
500,2021-11-24,17007.900391,17046.089844,16911.830078,17036.810547,17036.810547,3418430000,0.0016998074621428216,UP,2
501,2021-11-26,17036.810547,17036.890625,16546.560547,16624.869141,16624.869141,3517700000,-0.02417949092428806,DOWN,1
502,2021-11-29,16624.869141,16794.550781,16601.740234,16683.980469,16683.980469,4336410000,0.0035555965883797835,UP,1
503,2021-11-30,16683.980469,16683.980469,16303.269531,16318.969727,16318.969727,6625990000,-0.021877917124046853,DOWN,1
504,2021-12-01,16318.969727,16636.779297,16133.209961,16133.889648,16133.889648,5366730000,-0.01134140709224929,DOWN,2
505,2021-12-02,16133.889648,16526.599609,16133.889648,16475.25,16475.25,5077180000,0.02115796992836838,UP,1
506,2021-12-03,16475.25,16552.519531,16219.860352,16347.870117,16347.870117,5240070000,-0.007731590294532631,DOWN,1
507,2021-12-06,16347.870117,16664.300781,16347.870117,16591.970703,16591.970703,4770800000,0.014931644566111402,UP,1
508,2021-12-07,16591.970703,16918.730469,16591.970703,16853.570313,16853.570313,4492400000,0.015766638856992587,UP,2
509,2021-12-08,16853.570313,16923.740234,16838.769531,16899.919922,16899.919922,4234600000,0.0027501359141837156,UP,3
510,2021-12-09,16899.919922,16899.919922,16780.410156,16780.470703,16780.470703,3903840000,-0.0070680346150341355,DOWN,1
511,2021-12-10,16780.470703,16888.580078,16762.939453,16856.630859,16856.630859,3870110000,0.004538618573219466,UP,1
512,2021-12-13,16856.630859,16856.630859,16691.160156,16719.570313,16719.570313,4397230000,-0.008130957315638287,DOWN,1
513,2021-12-14,16719.570313,16768.490234,16609.689453,16652.580078,16652.580078,4485430000,-0.004006695970405039,DOWN,2
514,2021-12-15,16652.580078,16822.699219,16567.189453,16813.570313,16813.570313,4910130000,0.009667585097680398,UP,1
515,2021-12-16,16813.570313,16985.080078,16790.720703,16849.089844,16849.089844,4829500000,0.0021125513700404053,UP,2
516,2021-12-17,16849.089844,16849.089844,16626.539063,16668.640625,16668.640625,7987090000,-0.010709730951090957,DOWN,1
517,2021-12-20,16668.640625,16668.640625,16310.570313,16442.310547,16442.310547,4635700000,-0.013578196512350482,DOWN,2
518,2021-12-21,16442.310547,16753.980469,16442.310547,16744.269531,16744.269531,4072430000,0.01836475373317259,UP,1
519,2021-12-22,16744.269531,16879.220703,16717.619141,16874.880859,16874.880859,3319610000,0.007800359863903816,UP,2
520,2021-12-23,16874.880859,17011.480469,16874.880859,16963.439453,16963.439453,2913040000,0.005247953733123145,UP,3
521,2021-12-27,16963.439453,17141.830078,16963.439453,17141.089844,17141.089844,2770290000,0.010472545470050942,UP,4
522,2021-12-28,17141.089844,17217.369141,17111.730469,17134.160156,17134.160156,2707920000,-0.00040427347753635434,DOWN,1
523,2021-12-29,17134.160156,17181.699219,17107.75,17149.929688,17149.929688,2963310000,0.0009203562857136305,UP,1
524,2021-12-30,17149.929688,17238.650391,17149.929688,17164.240234,17164.240234,3124950000,0.0008344375901443435,UP,2
525,2021-12-31,17164.240234,17226.419922,17145.980469,17164.130859,17164.130859,2677820000,-6.372259914178002e-06,DOWN,1
526,2022-01-03,17164.130859,17230.990234,17119.990234,17226.099609,17226.099609,3831020000,0.0036103634089637016,UP,1
527,2022-01-04,17226.099609,17377.429688,17226.099609,17336.759766,17336.759766,4683170000,0.006423982184694976,UP,2
528,2022-01-05,17336.759766,17415.609375,17111.970703,17112.599609,17112.599609,4887960000,-0.012929760810299173,DOWN,1
529,2022-01-06,17112.599609,17240.390625,17048.960938,17156.519531,17156.519531,4295280000,0.002566525425915067,UP,1
530,2022-01-07,17156.519531,17222.900391,17107.330078,17166.279297,17166.279297,4181510000,0.0005688663124454596,UP,2
531,2022-01-10,17166.279297,17166.279297,16894.910156,17119.560547,17119.560547,4511810000,-0.0027215419947270725,DOWN,1
532,2022-01-11,17119.560547,17298.009766,17053.039063,17294.539063,17294.539063,4101590000,0.010220970072194024,UP,1
533,2022-01-12,17294.539063,17406.160156,17273.810547,17353.759766,17353.759766,4048220000,0.0034242429234032645,UP,2
534,2022-01-13,17353.759766,17442.539063,17230.119141,17259.019531,17259.019531,4251730000,-0.005459349229071098,DOWN,1
535,2022-01-14,17259.019531,17259.019531,17056.669922,17219.060547,17219.060547,4338490000,-0.0023152522614756643,DOWN,2
536,2022-01-18,17219.060547,17219.060547,16895.330078,16950.910156,16950.910156,4748700000,-0.015572881590611432,DOWN,3
537,2022-01-19,16950.910156,17059.189453,16814.810547,16818.980469,16818.980469,4465740000,-0.007783044437487341,DOWN,4
538,2022-01-20,16818.980469,17045.259766,16648.779297,16663.769531,16663.769531,4640870000,-0.009228320247239408,DOWN,5
539,2022-01-21,16663.769531,16683.390625,16362.990234,16397.339844,16397.339844,5589100000,-0.01598856048173003,DOWN,6
540,2022-01-24,16397.339844,16439.390625,15816.089844,16413.970703,16413.970703,6928110000,0.0010142412829290404,UP,1
541,2022-01-25,16413.970703,16484.880859,16000.570313,16340.320313,16340.320313,5145050000,-0.0044870550418697475,DOWN,1
542,2022-01-26,16340.320313,16598.160156,16113.030273,16236.509766,16236.509766,5570640000,-0.0063530301127213695,DOWN,2
543,2022-01-27,16236.509766,16502.269531,16090.69043,16152.120117,16152.120117,5214200000,-0.005197523988604624,DOWN,3
544,2022-01-28,16152.120117,16400.009766,15998.69043,16397.859375,16397.859375,5031090000,0.015214055877492028,UP,1
545,2022-01-31,16397.859375,16663.849609,16344.660156,16659.769531,16659.769531,5098610000,0.015972216251549654,UP,2
546,2022-02-01,16659.769531,16840.560547,16606.160156,16829.720703,16829.720703,4816830000,0.010201291901653198,UP,3
547,2022-02-02,16829.720703,16926.189453,16763.050781,16904.519531,16904.519531,4481580000,0.004444448563348358,UP,4
548,2022-02-03,16904.519531,16904.519531,16661.599609,16677.390625,16677.390625,4401970000,-0.013435987079282952,DOWN,1
549,2022-02-04,16677.390625,16817.269531,16552.369141,16701.580078,16701.580078,4706290000,0.001450433916426741,UP,1
550,2022-02-07,16701.580078,16826.710938,16684.900391,16722.759766,16722.759766,4228480000,0.0012681248062211825,UP,2
551,2022-02-08,16722.759766,16880.330078,16685.230469,16853.710938,16853.710938,4459620000,0.007830715374279595,UP,3
552,2022-02-09,16853.710938,17083.359375,16853.710938,17069.660156,17069.660156,4524350000,0.012813155440627666,UP,4
553,2022-02-10,17069.660156,17160.330078,16790.759766,16855.960938,16855.960938,5314860000,-0.0125192426824553,DOWN,1
554,2022-02-11,16855.960938,16969.650391,16600.289063,16664.990234,16664.990234,5251500000,-0.011329564935658842,DOWN,2
555,2022-02-14,16664.990234,16664.990234,16422.560547,16531.310547,16531.310547,4600390000,-0.008021588079137665,DOWN,3
556,2022-02-15,16531.310547,16757.429688,16531.310547,16745.830078,16745.830078,4430830000,0.01297655926250374,UP,1
557,2022-02-16,16745.830078,16813.009766,16658.320313,16770.359375,16770.359375,4283640000,0.0014648003046577873,UP,2
558,2022-02-17,16770.359375,16770.359375,16462.150391,16492.050781,16492.050781,4539420000,-0.016595267148233006,DOWN,1
559,2022-02-18,16492.050781,16560.119141,16333.509766,16392.320313,16392.320313,4708060000,-0.006047184144915341,DOWN,2
560,2022-02-22,16392.320313,16406.470703,16099.019531,16215.620117,16215.620117,5121900000,-0.010779449926918927,DOWN,3
561,2022-02-23,16215.620117,16358.849609,15998.330078,16019.580078,16019.580078,4797430000,-0.01208958014467032,DOWN,4
562,2022-02-24,16019.580078,16020.049805,15571.349609,15995.990234,15995.990234,6752130000,-0.0014725631936131078,DOWN,5
563,2022-02-25,15995.990234,16432.789063,15995.990234,16427.960938,16427.960938,5177060000,0.027004936717317518,UP,1
564,2022-02-28,16427.960938,16427.960938,16136.969727,16313.889648,16313.889648,6071370000,-0.006943727857067095,DOWN,1
565,2022-03-01,16313.889648,16351.299805,15986.05957,16069.160156,16069.160156,5846230000,-0.015001296274552378,DOWN,2
566,2022-03-02,16069.160156,16435.0,16069.160156,16380.910156,16380.910156,5337870000,0.019400516080088748,UP,1
567,2022-03-03,16380.910156,16434.869141,16185.30957,16287.490234,16287.490234,5039890000,-0.005702975055130288,DOWN,1
568,2022-03-04,16287.490234,16287.490234,15954.19043,16129.660156,16129.660156,5797380000,-0.009690263860943515,DOWN,2
569,2022-03-07,16129.660156,16129.660156,15704.19043,15708.230469,15708.230469,6940470000,-0.02612762345418873,DOWN,3
570,2022-03-08,15708.230469,15948.959961,15621.759766,15625.929688,15625.929688,7243120000,-0.005239341322526347,DOWN,4
571,2022-03-09,15625.929688,16054.780273,15625.929688,15977.540039,15977.540039,5662670000,0.022501723610725,UP,1
572,2022-03-10,15977.540039,15977.540039,15761.929688,15929.55957,15929.55957,4980830000,-0.0030029947590732853,DOWN,1
573,2022-03-11,15929.55957,16028.200195,15747.55957,15753.700195,15753.700195,4938640000,-0.011039814015397775,DOWN,2
574,2022-03-14,15753.700195,15917.929688,15635.769531,15694.349609,15694.349609,5574920000,-0.003767406086529146,DOWN,3
575,2022-03-15,15694.349609,15914.929688,15694.349609,15895.669922,15895.669922,5392470000,0.012827566481923514,UP,1
576,2022-03-16,15895.669922,16262.549805,15895.669922,16261.5,16261.5,6309750000,0.023014448575940927,UP,2
577,2022-03-17,16261.5,16483.669922,16212.570313,16483.580078,16483.580078,4985090000,0.013656801525074425,UP,3
578,2022-03-18,16483.580078,16615.960938,16412.5,16612.640625,16612.640625,8278430000,0.007829642977392526,UP,4
579,2022-03-21,16612.640625,16694.679688,16514.990234,16606.669922,16606.669922,4869820000,-0.0003594072209697208,DOWN,1
580,2022-03-22,16606.669922,16768.669922,16606.669922,16735.480469,16735.480469,4754840000,0.007756554902639046,UP,1
581,2022-03-23,16735.480469,16735.480469,16557.580078,16558.529297,16558.529297,4550670000,-0.010573414508640688,DOWN,1
582,2022-03-24,16558.529297,16702.230469,16558.529297,16701.820313,16701.820313,4131390000,0.008653607662243212,UP,1
583,2022-03-25,16701.820313,16794.179688,16669.789063,16792.800781,16792.800781,4305020000,0.0054473384514373,UP,2
584,2022-03-28,16792.800781,16798.720703,16640.140625,16798.720703,16798.720703,4312260000,0.00035252737629654085,UP,3
585,2022-03-29,16798.720703,17034.910156,16798.720703,17014.759766,17014.759766,5085910000,0.012860447341172865,UP,4
586,2022-03-30,17014.759766,17031.650391,16858.710938,16932.759766,16932.759766,4385570000,-0.004819345152545562,DOWN,1
587,2022-03-31,16932.759766,16932.759766,16670.849609,16670.910156,16670.910156,4823020000,-0.015464083446443011,DOWN,2
588,2022-04-01,16670.910156,16797.640625,16652.689453,16787.75,16787.75,4562940000,0.007008606183265043,UP,1
589,2022-04-04,16787.75,16841.619141,16735.880859,16829.75,16829.75,4547350000,0.00250182424684664,UP,2
590,2022-04-05,16830.939453,16889.380859,16612.589844,16645.050781,16645.050781,4800620000,-0.010974567001886482,DOWN,1
591,2022-04-06,16645.050781,16645.050781,16472.669922,16587.099609,16587.099609,4986830000,-0.003481585773601359,DOWN,2
592,2022-04-07,16587.099609,16690.400391,16449.769531,16631.449219,16631.449219,4821490000,0.0026737411027504265,UP,1
593,2022-04-08,16631.449219,16775.560547,16616.400391,16689.949219,16689.949219,4083200000,0.003517432499698714,UP,2
594,2022-04-11,16689.949219,16689.949219,16519.859375,16534.199219,16534.199219,4266290000,-0.00933196368402922,DOWN,1
595,2022-04-12,16534.199219,16693.480469,16419.080078,16465.990234,16465.990234,4152090000,-0.004125327395451794,DOWN,2
596,2022-04-13,16465.990234,16627.929688,16465.990234,16614.789063,16614.789063,3828150000,0.009036737352895452,UP,1
597,2022-04-14,16614.789063,16680.220703,16508.310547,16511.509766,16511.509766,4083090000,-0.006216106422319623,DOWN,1
598,2022-04-18,16511.509766,16546.400391,16407.369141,16466.210938,16466.210938,3910490000,-0.0027434697760514437,DOWN,2
599,2022-04-19,16466.210938,16685.939453,16466.210938,16658.900391,16658.900391,4108120000,0.011702112509400564,UP,1
600,2022-04-20,16658.900391,16835.730469,16658.900391,16761.349609,16761.349609,4290450000,0.006149818751263414,UP,2
601,2022-04-21,16761.349609,16882.640625,16472.169922,16499.330078,16499.330078,4636890000,-0.0156323647625195,DOWN,1
602,2022-04-22,16499.330078,16499.330078,16047.540039,16056.870117,16056.870117,4651940000,-0.02681684401174378,DOWN,2
603,2022-04-25,16056.870117,16079.160156,15708.900391,16054.759766,16054.759766,5240040000,-0.00013142978579405717,DOWN,3
604,2022-04-26,16054.759766,16054.759766,15694.160156,15694.240234,15694.240234,4689970000,-0.022455616730154393,DOWN,4
605,2022-04-27,15694.240234,15887.679688,15656.070313,15741.820313,15741.820313,4769680000,0.0030316904985894233,UP,1
606,2022-04-28,15741.820313,16095.69043,15706.030273,16032.679688,16032.679688,4854180000,0.018476857772274258,UP,2
607,2022-04-29,16032.679688,16053.290039,15593.230469,15615.25,15615.25,5084030000,-0.02603617711594619,DOWN,1
608,2022-05-02,15615.25,15698.519531,15324.730469,15609.280273,15609.280273,5163790000,-0.0003823010838762686,DOWN,2
609,2022-05-03,15609.280273,15818.730469,15609.280273,15729.530273,15729.530273,4582050000,0.007703750454657543,UP,1
610,2022-05-04,15729.530273,16139.669922,15650.650391,16119.610352,16119.610352,5136360000,0.024799219826009633,UP,2
611,2022-05-05,16119.610352,16119.610352,15515.980469,15652.610352,15652.610352,5077030000,-0.028970923601888354,DOWN,1
612,2022-05-06,15652.610352,15652.610352,15360.160156,15566.55957,15566.55957,5116940000,-0.005497535558917521,DOWN,2
613,2022-05-09,15566.55957,15566.55957,15005.950195,15057.870117,15057.870117,5954520000,-0.03267834814189452,DOWN,3
614,2022-05-10,15057.870117,15286.400391,14855.599609,15025.740234,15025.740234,5885820000,-0.002133760136749041,DOWN,4
615,2022-05-11,15025.740234,15290.629883,14887.639648,14902.139648,14902.139648,5816140000,-0.00822592325403837,DOWN,5
616,2022-05-12,14902.139648,15007.169922,14695.69043,14931.099609,14931.099609,6286450000,0.0019433424786008402,UP,1
617,2022-05-13,14931.099609,15304.200195,14931.099609,15257.360352,15257.360352,5183340000,0.02185108609169939,UP,2
618,2022-05-16,15257.360352,15374.080078,15150.919922,15259.820313,15259.820313,4415030000,0.00016123110048171796,UP,3
619,2022-05-17,15259.820313,15544.549805,15259.820313,15541.910156,15541.910156,4841410000,0.018485790606569852,UP,4
620,2022-05-18,15541.910156,15541.910156,14997.509766,15044.519531,15044.519531,5103220000,-0.03200318493721188,DOWN,1
621,2022-05-19,15044.519531,15179.259766,14901.040039,15035.870117,15035.870117,5113550000,-0.0005749212517007773,DOWN,2
622,2022-05-20,15035.870117,15190.669922,14785.200195,15080.980469,15080.980469,5130730000,0.0030001823405614303,UP,1
623,2022-05-23,15080.980469,15383.370117,15080.980469,15342.959961,15342.959961,4420030000,0.017371515899680112,UP,2
624,2022-05-24,15342.959961,15342.959961,15056.419922,15290.379883,15290.379883,4923190000,-0.0034269839805131097,DOWN,1
625,2022-05-25,15290.379883,15472.269531,15246.759766,15412.19043,15412.19043,4802560000,0.007966482712141953,UP,1
626,2022-05-26,15412.19043,15718.799805,15412.19043,15664.0,15664.0,4709970000,0.016338337573992723,UP,2
627,2022-05-27,15664.0,15942.839844,15664.0,15942.620117,15942.620117,4375620000,0.017787290411133805,UP,3
628,2022-05-31,15942.620117,15949.660156,15794.19043,15827.049805,15827.049805,6822640000,-0.0072491416813453835,DOWN,1
629,2022-06-01,15827.049805,15922.030273,15588.780273,15709.610352,15709.610352,4531800000,-0.007420173339120928,DOWN,2
630,2022-06-02,15709.610352,15960.769531,15645.349609,15960.530273,15960.530273,4405790000,0.01597238348868757,UP,1
631,2022-06-03,15960.530273,15960.530273,15764.839844,15797.169922,15797.169922,3711110000,-0.010235270896754245,DOWN,1
632,2022-06-06,15797.169922,15982.290039,15797.169922,15848.450195,15848.450195,4332700000,0.0032461683487106097,UP,1
633,2022-06-07,15848.450195,16022.830078,15737.740234,16019.55957,16019.55957,4248210000,0.010796599850121824,UP,2
634,2022-06-08,16019.55957,16019.55957,15806.410156,15843.830078,15843.830078,4159470000,-0.01096968310721158,DOWN,1
635,2022-06-09,15843.830078,15843.830078,15472.089844,15472.459961,15472.459961,4134170000,-0.023439415543572872,DOWN,2
636,2022-06-10,15472.459961,15472.459961,15078.139648,15096.69043,15096.69043,4889640000,-0.024286346964035976,DOWN,3
637,2022-06-13,15096.69043,15096.69043,14468.160156,14527.900391,14527.900391,5636890000,-0.03767647231274662,DOWN,4
638,2022-06-14,14527.900391,14652.110352,14332.669922,14444.639648,14444.639648,5153890000,-0.005731092639620461,DOWN,5
639,2022-06-15,14444.639648,14746.240234,14366.360352,14595.230469,14595.230469,5530480000,0.01042537748740946,UP,1
640,2022-06-16,14595.230469,14595.230469,14055.339844,14142.19043,14142.19043,5644930000,-0.03104027990255087,DOWN,1
641,2022-06-17,14142.19043,14261.379883,13993.200195,14097.049805,14097.049805,8520740000,-0.0031919118345516972,DOWN,2
642,2022-06-21,14097.049805,14468.179688,14097.049805,14414.25,14414.25,5292260000,0.022501175734478407,UP,1
643,2022-06-22,14414.25,14489.139648,14201.80957,14352.780273,14352.780273,5058990000,-0.004264510952703082,DOWN,1
644,2022-06-23,14352.780273,14435.139648,14226.009766,14402.120117,14402.120117,5098640000,0.0034376506197071333,UP,1
645,2022-06-24,14402.120117,14813.230469,14402.120117,14811.549805,14811.549805,8120260000,0.02842843169435283,UP,2
646,2022-06-27,14811.549805,14913.400391,14771.860352,14835.299805,14835.299805,4325310000,0.0016034783876555103,UP,3
647,2022-06-28,14835.299805,15028.049805,14648.299805,14667.320313,14667.320313,4270120000,-0.011322959037429414,DOWN,1
648,2022-06-29,14667.320313,14701.429688,14545.009766,14599.589844,14599.589844,4211240000,-0.004617780723038312,DOWN,2
649,2022-06-30,14599.589844,14599.589844,14321.160156,14487.639648,14487.639648,4840070000,-0.007668037061055344,DOWN,3
650,2022-07-01,14487.639648,14659.160156,14341.280273,14636.759766,14636.759766,4046950000,0.010292920145938744,UP,1
651,2022-07-05,14636.759766,14636.759766,14217.980469,14499.490234,14499.490234,5076590000,-0.009378409852627612,DOWN,1
652,2022-07-06,14499.490234,14544.349609,14340.480469,14465.290039,14465.290039,4417720000,-0.0023587170616388153,DOWN,2
653,2022-07-07,14465.290039,14701.299805,14465.290039,14676.5,14676.5,4057770000,0.014601156314913544,UP,1
654,2022-07-08,14676.5,14726.629883,14567.94043,14642.330078,14642.330078,3521620000,-0.0023282064524919877,DOWN,1
655,2022-07-11,14642.330078,14642.330078,14478.049805,14502.429688,14502.429688,3423480000,-0.00955451688732245,DOWN,2
656,2022-07-12,14502.429688,14537.129883,14343.830078,14395.040039,14395.040039,3817210000,-0.007404941882866667,DOWN,3
657,2022-07-13,14395.040039,14425.160156,14194.599609,14340.280273,14340.280273,4109390000,-0.003804071808875875,DOWN,4
658,2022-07-14,14340.280273,14340.280273,13988.860352,14171.240234,14171.240234,4199690000,-0.011787777908237262,DOWN,5
659,2022-07-15,14171.240234,14449.719727,14171.240234,14449.679688,14449.679688,4143800000,0.019648206466217344,UP,1
660,2022-07-18,14449.679688,14629.0,14376.879883,14403.179688,14403.179688,4046870000,-0.0032180644141625026,DOWN,1
661,2022-07-19,14403.179688,14778.599609,14403.179688,14766.599609,14766.599609,4041070000,0.025231923010915702,UP,1
662,2022-07-20,14766.599609,14824.120117,14682.129883,14778.469727,14778.469727,4185300000,0.0008038491131543424,UP,2
663,2022-07-21,14778.469727,14872.269531,14648.990234,14871.129883,14871.129883,4132790000,0.006269942538821294,UP,3
664,2022-07-22,14871.129883,14946.330078,14708.120117,14790.790039,14790.790039,3979240000,-0.005402403491333918,DOWN,1
665,2022-07-25,14790.790039,14907.19043,14781.070313,14899.089844,14899.089844,3568340000,0.007322110902422185,UP,1
666,2022-07-26,14899.089844,14899.089844,14761.269531,14793.549805,14793.549805,3778950000,-0.007083656794143134,DOWN,1
667,2022-07-27,14793.549805,15075.980469,14793.549805,15031.040039,15031.040039,4112180000,0.01605363399119608,UP,1
668,2022-07-28,15031.040039,15209.790039,14922.80957,15198.80957,15198.80957,4413000000,0.011161538427460815,UP,2
669,2022-07-29,15198.80957,15354.730469,15187.349609,15327.709961,15327.709961,4616360000,0.008480953090854504,UP,3
670,2022-08-01,15327.709961,15327.709961,15192.30957,15286.009766,15286.009766,4202810000,-0.0027205756832627825,DOWN,1
671,2022-08-02,15286.009766,15328.259766,15152.709961,15162.679688,15162.679688,4727710000,-0.00806816689822587,DOWN,2
672,2022-08-03,15162.679688,15308.80957,15162.679688,15267.160156,15267.160156,4351760000,0.006890633459907924,UP,1
673,2022-08-04,15267.160156,15283.980469,15214.799805,15224.209961,15224.209961,4283320000,-0.0028132406132597154,DOWN,1
674,2022-08-05,15224.209961,15274.780273,15100.629883,15273.230469,15273.230469,4085940000,0.003219904883444036,UP,1
675,2022-08-08,15273.230469,15417.80957,15273.230469,15305.799805,15305.799805,4221090000,0.002132445789128079,UP,2
676,2022-08-09,15305.799805,15342.740234,15225.200195,15264.790039,15264.790039,3913090000,-0.002679361191344265,DOWN,1
677,2022-08-10,15264.790039,15562.230469,15264.790039,15552.700195,15552.700195,4546010000,0.018861062305109977,UP,1
678,2022-08-11,15552.700195,15745.830078,15552.700195,15602.929688,15602.929688,4630200000,0.003229631663326682,UP,2
679,2022-08-12,15602.929688,15805.769531,15602.929688,15804.379883,15804.379883,3788010000,0.012911049336775005,UP,3
680,2022-08-15,15804.389648,15805.209961,15652.169922,15794.330078,15794.330078,3696830000,-0.0006358873346754557,DOWN,1
681,2022-08-16,15794.330078,15897.669922,15761.599609,15846.790039,15846.790039,4329820000,0.0033214426152250454,UP,1
682,2022-08-17,15846.790039,15846.790039,15659.959961,15734.110352,15734.110352,3885030000,-0.007110568558218233,DOWN,1
683,2022-08-18,15734.110352,15785.740234,15691.19043,15763.900391,15763.900391,3340330000,0.0018933411761798968,UP,1
684,2022-08-19,15763.900391,15763.900391,15555.509766,15588.320313,15588.320313,3761340000,-0.01113811135854692,DOWN,1
685,2022-08-22,15588.320313,15588.320313,15316.009766,15341.849609,15341.849609,3907430000,-0.015811241945962173,DOWN,2
686,2022-08-23,15341.849609,15439.929688,15322.049805,15338.150391,15338.150391,3823520000,-0.00024111942785776108,DOWN,3
687,2022-08-24,15338.150391,15433.429688,15298.0,15392.05957,15392.05957,3583630000,0.003514711854151198,UP,1
688,2022-08-25,15392.05957,15597.419922,15392.05957,15595.240234,15595.240234,3566870000,0.013200355876741288,UP,2
689,2022-08-26,15595.240234,15628.349609,15177.25,15178.209961,15178.209961,3832750000,-0.026740868799879802,DOWN,1
690,2022-08-29,15178.209961,15229.259766,15067.950195,15118.849609,15118.849609,3396510000,-0.0039108927964841556,DOWN,2
691,2022-08-30,15118.849609,15142.669922,14884.009766,14931.419922,14931.419922,3835860000,-0.012397086540792635,DOWN,3
692,2022-08-31,14931.419922,14988.75,14801.240234,14801.240234,14801.240234,4542490000,-0.008718506925666891,DOWN,4
693,2022-09-01,14801.240234,14801.240234,14576.650391,14771.900391,14771.900391,4152250000,-0.0019822557120994233,DOWN,5
694,2022-09-02,14771.900391,14981.5,14635.0,14689.5,14689.5,3665850000,-0.00557818485224848,DOWN,6
695,2022-09-06,14689.5,14748.740234,14575.679688,14631.519531,14631.519531,4127340000,-0.003947068926784425,DOWN,7
696,2022-09-07,14631.519531,14865.990234,14562.780273,14844.570313,14844.570313,3890320000,0.01456108379916432,UP,1
697,2022-09-08,14844.570313,14962.019531,14726.509766,14961.769531,14961.769531,3966850000,0.007895089957394186,UP,2
698,2022-09-09,14961.769531,15222.790039,14961.769531,15190.790039,15190.790039,3901940000,0.015307046905480126,UP,3
699,2022-09-12,15190.790039,15397.139648,15190.790039,15352.179688,15352.179688,3814200000,0.01062417745131472,UP,4
700,2022-09-13,15352.179688,15352.179688,14784.339844,14820.790039,14820.790039,4224550000,-0.03461330311391286,DOWN,1
701,2022-09-14,14820.790039,14898.759766,14733.570313,14843.209961,14843.209961,4293240000,0.0015127346073322556,UP,1
702,2022-09-15,14843.209961,14903.030273,14686.969727,14722.030273,14722.030273,4441830000,-0.008163981262705011,DOWN,1
703,2022-09-16,14722.030273,14722.030273,14468.919922,14573.910156,14573.910156,7954650000,-0.010061120256738665,DOWN,2
704,2022-09-19,14573.910156,14677.530273,14429.950195,14674.459961,14674.459961,3766850000,0.006899301829345061,UP,1
705,2022-09-20,14674.459961,14674.459961,14384.469727,14474.719727,14474.719727,4058050000,-0.01361141974088631,DOWN,1
706,2022-09-21,14474.719727,14608.040039,14236.120117,14236.610352,14236.610352,4078330000,-0.01645001626911291,DOWN,2
707,2022-09-22,14236.610352,14277.240234,14107.19043,14116.589844,14116.589844,4284600000,-0.008430413211606869,DOWN,3
708,2022-09-23,14116.589844,14116.589844,13640.879883,13796.990234,13796.990234,5144270000,-0.02264000112858977,DOWN,4
709,2022-09-26,13796.990234,13813.540039,13529.580078,13580.389648,13580.389648,4886140000,-0.01569911859952111,DOWN,5
710,2022-09-27,13580.389648,13783.820313,13467.349609,13541.759766,13541.759766,4577740000,-0.0028445341408661617,DOWN,6
711,2022-09-28,13541.759766,13894.650391,13541.759766,13833.179688,13833.179688,4684850000,0.021520092442614658,UP,1
712,2022-09-29,13833.179688,13833.179688,13498.280273,13608.290039,13608.290039,4681810000,-0.01625726362790525,DOWN,1
713,2022-09-30,13608.290039,13725.05957,13466.980469,13472.179688,13472.179688,5645360000,-0.010002017197599411,DOWN,2
714,2022-10-03,13472.179688,13920.410156,13472.179688,13855.719727,13855.719727,4806680000,0.028469041230323455,UP,1
715,2022-10-04,13855.719727,14322.360352,13855.719727,14319.490234,14319.490234,5146580000,0.033471412249792554,UP,2
716,2022-10-05,14319.490234,14340.849609,14079.910156,14262.030273,14262.030273,4293180000,-0.00401270995412728,DOWN,1
717,2022-10-06,14262.030273,14268.419922,14063.849609,14087.379883,14087.379883,4252100000,-0.012245829426588584,DOWN,2
718,2022-10-07,14087.379883,14087.379883,13727.790039,13798.259766,13798.259766,4449660000,-0.020523342126160582,DOWN,3
719,2022-10-10,13798.259766,13846.849609,13629.589844,13693.570313,13693.570313,3834320000,-0.00758714901555646,DOWN,4
720,2022-10-11,13693.570313,13788.139648,13518.549805,13608.089844,13608.089844,4759030000,-0.0062423799671038616,DOWN,5
721,2022-10-12,13608.089844,13647.419922,13536.299805,13546.799805,13546.799805,4006830000,-0.004503941383589782,DOWN,6
722,2022-10-13,13546.799805,13943.019531,13278.55957,13888.969727,13888.969727,5021680000,0.025258358204548692,UP,1
723,2022-10-14,13888.969727,14041.94043,13599.429688,13607.30957,13607.30957,4243030000,-0.02027941327083871,DOWN,1
724,2022-10-17,13607.30957,13989.860352,13607.30957,13923.209961,13923.209961,4352780000,0.023215492333360732,UP,1
725,2022-10-18,13923.209961,14207.839844,13923.209961,14089.200195,14089.200195,4483740000,0.011921836592635682,UP,2
726,2022-10-19,14089.200195,14089.200195,13852.450195,13947.259766,13947.259766,4223800000,-0.010074413524933212,DOWN,1
727,2022-10-20,13947.259766,14095.69043,13809.30957,13840.469727,13840.469727,4496620000,-0.007656703954157851,DOWN,2
728,2022-10-21,13840.469727,14161.55957,13779.469727,14144.049805,14144.049805,5078020000,0.02193423229038083,UP,1
729,2022-10-24,14144.049805,14269.339844,14085.419922,14226.110352,14226.110352,4747930000,0.005801771637638842,UP,2
730,2022-10-25,14226.110352,14454.139648,14226.110352,14440.69043,14440.69043,4843120000,0.015083538134500252,UP,3
731,2022-10-26,14440.69043,14670.620117,14440.69043,14531.69043,14531.69043,4817310000,0.006301637753479694,UP,4
732,2022-10-27,14531.69043,14726.110352,14531.69043,14569.900391,14569.900391,4687320000,0.0026294229968673033,UP,5
733,2022-10-28,14569.900391,14802.219727,14565.509766,14795.629883,14795.629883,4459410000,0.015492864463193978,UP,6
734,2022-10-31,14795.629883,14825.019531,14698.820313,14747.030273,14747.030273,4820620000,-0.0032847273407291544,DOWN,1
735,2022-11-01,14747.030273,14921.480469,14725.089844,14790.709961,14790.709961,4481210000,0.0029619311272435223,UP,1
736,2022-11-02,14790.709961,14929.379883,14496.330078,14497.849609,14497.849609,4899000000,-0.01980029036957731,DOWN,1
737,2022-11-03,14497.849609,14531.929688,14297.05957,14455.669922,14455.669922,4625290000,-0.002909375399632874,DOWN,2
738,2022-11-04,14455.669922,14796.80957,14455.669922,14702.769531,14702.769531,5400180000,0.01709361173389423,UP,1
739,2022-11-07,14702.769531,14833.94043,14688.549805,14808.629883,14808.629883,4341620000,0.007200027979544776,UP,2
740,2022-11-08,14808.629883,14983.349609,14756.980469,14889.299805,14889.299805,4607640000,0.005447493970567097,UP,3
741,2022-11-09,14889.299805,14889.299805,14568.990234,14587.759766,14587.759766,4645010000,-0.02025213025119832,DOWN,1
742,2022-11-10,14587.759766,15241.889648,14587.759766,15234.719727,15234.719727,5781260000,0.04434950748968891,UP,1
743,2022-11-11,15234.719727,15388.05957,15234.719727,15352.69043,15352.69043,5593310000,0.007743542717817409,UP,2
744,2022-11-14,15320.429688,15415.990234,15228.980469,15228.980469,15228.980469,4561930000,-0.0080578685256536,DOWN,1
745,2022-11-15,15445.099609,15485.490234,15260.870117,15381.0,15381.0,5015310000,0.009982252673411018,UP,1
746,2022-11-16,15381.0,15381.0,15249.040039,15265.25,15265.25,4165320000,-0.007525518496846795,DOWN,1
747,2022-11-17,15090.080078,15228.549805,15071.200195,15223.959961,15223.959961,4051780000,-0.0027048387022813314,DOWN,2
748,2022-11-18,15314.44043,15337.580078,15210.94043,15309.769531,15309.769531,4037360000,0.005636481586907882,UP,1
749,2022-11-21,15309.769531,15309.769531,15180.19043,15278.259766,15278.259766,3850690000,-0.0020581475727768916,DOWN,1
750,2022-11-22,15278.259766,15486.459961,15278.259766,15481.759766,15481.759766,3887990000,0.013319579789634606,UP,1
751,2022-11-23,15481.759766,15565.400391,15455.849609,15545.519531,15545.519531,3279720000,0.004118379690920326,UP,2
752,2022-11-25,15545.519531,15625.719727,15545.519531,15605.669922,15605.669922,1706460000,0.0038693072225763903,UP,3
753,2022-11-28,15605.669922,15605.669922,15350.089844,15370.44043,15370.44043,3615430000,-0.015073335087549489,DOWN,1
754,2022-11-29,15370.44043,15479.969727,15370.44043,15433.459961,15433.459961,3546040000,0.004100047183878797,UP,1
755,2022-11-30,15433.459961,15780.019531,15361.790039,15780.019531,15780.019531,6579360000,0.022455079475098172,UP,2
756,2022-12-01,15780.019531,15854.139648,15691.299805,15761.120117,15761.120117,4527130000,-0.001197680013188318,DOWN,1
757,2022-12-02,15761.120117,15797.679688,15617.849609,15767.019531,15767.019531,4012620000,0.0003743016965929158,UP,1
758,2022-12-05,15767.019531,15767.019531,15431.900391,15474.790039,15474.790039,4280820000,-0.018534225281159777,DOWN,1
759,2022-12-06,15474.790039,15499.0,15240.860352,15328.459961,15328.459961,4368380000,-0.009456029944911348,DOWN,2
760,2022-12-07,15328.44043,15401.620117,15285.05957,15311.790039,15311.790039,4118050000,-0.0010875144693214267,DOWN,3
761,2022-12-08,15311.790039,15452.759766,15311.790039,15399.94043,15399.94043,4006900000,0.005757027151984007,UP,1
762,2022-12-09,15399.94043,15439.219727,15287.759766,15291.049805,15291.049805,3888260000,-0.007070847156517179,DOWN,1
763,2022-12-12,15291.049805,15468.980469,15280.929688,15468.669922,15468.669922,3904130000,0.011615953074844976,UP,1
764,2022-12-13,15468.669922,15819.150391,15468.669922,15562.540039,15562.540039,5079360000,0.006068402614661572,UP,2
765,2022-12-14,15562.540039,15667.780273,15407.589844,15494.980469,15494.980469,4472340000,-0.004341166019858789,DOWN,1
766,2022-12-15,15494.980469,15494.980469,15120.969727,15182.280273,15182.280273,4493900000,-0.020180741539210234,DOWN,2
767,2022-12-16,15182.280273,15182.280273,14920.179688,15018.169922,15018.169922,7493660000,-0.010809334833045692,DOWN,3
768,2022-12-19,15018.169922,15066.320313,14866.799805,14938.030273,14938.030273,3969610000,-0.005336179402431918,DOWN,4
769,2022-12-20,14938.030273,15056.580078,14922.669922,15000.620117,15000.620117,3985370000,0.004189966338006945,UP,1
770,2022-12-21,15000.620117,15250.910156,15000.620117,15219.549805,15219.549805,3775200000,0.014594709171515508,UP,2
771,2022-12-22,15219.549805,15219.549805,14871.160156,15081.530273,15081.530273,3956950000,-0.009068568634970853,DOWN,1
772,2022-12-23,15081.530273,15188.570313,15025.730469,15188.450195,15188.450195,2819280000,0.0070894610868112995,UP,1
773,2022-12-27,15188.450195,15255.349609,15142.410156,15218.259766,15218.259766,3030300000,0.001962647315379984,UP,2
774,2022-12-28,15218.259766,15268.700195,15033.469727,15037.320313,15037.320313,3083520000,-0.011889628366329119,DOWN,1
775,2022-12-29,15037.320313,15269.05957,15037.320313,15241.209961,15241.209961,3003680000,0.013558908353088261,UP,1
776,2022-12-30,15241.209961,15241.209961,15069.410156,15184.30957,15184.30957,2979870000,-0.0037333250539557383,DOWN,1
